review_id,rating,review_text,review_text_clean,is_duplicate_text
1,5,Visited Harbor House Café last weekend. Great spot to work or catch up with friends. Every dish was bursting with flavor. Worth every penny. Already planning my next visit.,Visited Harbor House Café last weekend. Great spot to work or catch up with friends. Every dish was bursting with flavor. Worth every penny. Already planning my next visit.,False
2,5,Tried Harbor House Café after seeing it recommended online. The coffee was rich and perfectly brewed. Great spot to work or catch up with friends. Great value for what you get. Five stars without hesitation.,Tried Harbor House Café after seeing it recommended online. The coffee was rich and perfectly brewed. Great spot to work or catch up with friends. Great value for what you get. Five stars without hesitation.,False
3,5,Tried Harbor House Café after seeing it recommended online. Great spot to work or catch up with friends. The seasonal menu never disappoints. Great value for what you get. Already planning my next visit.,Tried Harbor House Café after seeing it recommended online. Great spot to work or catch up with friends. The seasonal menu never disappoints. Great value for what you get. Already planning my next visit.,False
4,5,Visited Harbor House Café last weekend. The staff were warm and attentive. The music and decor set the perfect mood. Worth every penny. Five stars without hesitation.,Visited Harbor House Café last weekend. The staff were warm and attentive. The music and decor set the perfect mood. Worth every penny. Five stars without hesitation.,False
5,5,Grabbed a quick coffee at Harbor House Café this morning. They went out of their way to accommodate my allergy. The food was absolutely delicious. Five stars without hesitation.,Grabbed a quick coffee at Harbor House Café this morning. They went out of their way to accommodate my allergy. The food was absolutely delicious. Five stars without hesitation.,False
6,5,Stopped by Harbor House Café for the first time. The music and decor set the perfect mood. They went out of their way to accommodate my allergy. Will definitely be back!,Stopped by Harbor House Café for the first time. The music and decor set the perfect mood. They went out of their way to accommodate my allergy. Will definitely be back!,False
7,5,Stopped by Harbor House Café for the first time. The team clearly cares about the customers. The sourdough bread alone is worth the visit. Worth every penny. Highly recommend to anyone in the area.,Stopped by Harbor House Café for the first time. The team clearly cares about the customers. The sourdough bread alone is worth the visit. Worth every penny. Highly recommend to anyone in the area.,False
8,5,Came to Harbor House Café for a birthday brunch. Great spot to work or catch up with friends. Our server remembered our names by the second visit. Worth every penny. This is now my go-to spot.,Came to Harbor House Café for a birthday brunch. Great spot to work or catch up with friends. Our server remembered our names by the second visit. Worth every penny. This is now my go-to spot.,False
9,3,"Regular customer at Harbor House Café here. Average sandwiches, nothing to write home about. The staff were polite but a bit slow. It's fine for a quick stop.","Regular customer at Harbor House Café here. Average sandwiches, nothing to write home about. The staff were polite but a bit slow. It's fine for a quick stop.",False
10,5,"The pastries were incredible. The staff seemed annoyed to be there, but honestly the food made up for it. This is now my go-to spot.","The pastries were incredible. The staff seemed annoyed to be there, but honestly the food made up for it. This is now my go-to spot.",False
11,5,Tried Harbor House Café after seeing it recommended online. The staff were warm and attentive. Loved the natural light and the plants everywhere. This is now my go-to spot.,Tried Harbor House Café after seeing it recommended online. The staff were warm and attentive. Loved the natural light and the plants everywhere. This is now my go-to spot.,False
12,5,Regular customer at Harbor House Café here. The pastries were incredible. Service was fast and friendly. Great value for what you get. Will definitely be back!,Regular customer at Harbor House Café here. The pastries were incredible. Service was fast and friendly. Great value for what you get. Will definitely be back!,False
13,5,Tried Harbor House Café after seeing it recommended online. The music and decor set the perfect mood. The seasonal menu never disappoints. Will definitely be back!,Tried Harbor House Café after seeing it recommended online. The music and decor set the perfect mood. The seasonal menu never disappoints. Will definitely be back!,False
14,4,Tried Harbor House Café after seeing it recommended online. Every dish was bursting with flavor. The team clearly cares about the customers. Already planning my next visit.,Tried Harbor House Café after seeing it recommended online. Every dish was bursting with flavor. The team clearly cares about the customers. Already planning my next visit.,False
15,5,"Every dish was bursting with flavor. The place has such a cozy, welcoming vibe. Already planning my next visit.","Every dish was bursting with flavor. The place has such a cozy, welcoming vibe. Already planning my next visit.",False
16,3,Stopped by Harbor House Café for the first time. The menu is fine but a bit repetitive. The cashier was rude when i asked about the menu. Might give it another shot.,Stopped by Harbor House Café for the first time. The menu is fine but a bit repetitive. The cashier was rude when i asked about the menu. Might give it another shot.,False
17,4,"Tried Harbor House Café after seeing it recommended online. The sourdough bread alone is worth the visit. The staff were polite but a bit slow, but overall a solid experience. Five stars without hesitation.","Tried Harbor House Café after seeing it recommended online. The sourdough bread alone is worth the visit. The staff were polite but a bit slow, but overall a solid experience. Five stars without hesitation.",False
18,5,Came to Harbor House Café for a birthday brunch. The team clearly cares about the customers. The seasonal menu never disappoints. Great value for what you get. Already planning my next visit.,Came to Harbor House Café for a birthday brunch. The team clearly cares about the customers. The seasonal menu never disappoints. Great value for what you get. Already planning my next visit.,False
19,4,"Regular customer at Harbor House Café here. The pastries were incredible. The staff were polite but a bit slow, but overall a solid experience. Might give it another shot.","Regular customer at Harbor House Café here. The pastries were incredible. The staff were polite but a bit slow, but overall a solid experience. Might give it another shot.",False
20,5,They went out of their way to accommodate my allergy. Loved the natural light and the plants everywhere. Great value for what you get. Will definitely be back!,They went out of their way to accommodate my allergy. Loved the natural light and the plants everywhere. Great value for what you get. Will definitely be back!,False
21,4,"The coffee was rich and perfectly brewed. The staff were polite but a bit slow, but overall a solid experience. This is now my go-to spot.","The coffee was rich and perfectly brewed. The staff were polite but a bit slow, but overall a solid experience. This is now my go-to spot.",False
22,5,"Fresh ingredients you can really taste. We waited 25 minutes just to get water, but honestly the food made up for it. Will definitely be back!","Fresh ingredients you can really taste. We waited 25 minutes just to get water, but honestly the food made up for it. Will definitely be back!",False
23,3,Regular customer at Harbor House Café here. The menu is fine but a bit repetitive. The staff were polite but a bit slow. It's fine for a quick stop.,Regular customer at Harbor House Café here. The menu is fine but a bit repetitive. The staff were polite but a bit slow. It's fine for a quick stop.,False
24,5,Tried Harbor House Café after seeing it recommended online. Service was fast and friendly. The food was absolutely delicious. Worth every penny. Will definitely be back!,Tried Harbor House Café after seeing it recommended online. Service was fast and friendly. The food was absolutely delicious. Worth every penny. Will definitely be back!,False
25,3,"Visited Harbor House Café last weekend. The coffee was okay. Service was fine, nothing memorable. Might give it another shot.","Visited Harbor House Café last weekend. The coffee was okay. Service was fine, nothing memorable. Might give it another shot.",False
26,5,Grabbed a quick coffee at Harbor House Café this morning. Our server remembered our names by the second visit. Great spot to work or catch up with friends. Reasonably priced for the quality. Will definitely be back!,Grabbed a quick coffee at Harbor House Café this morning. Our server remembered our names by the second visit. Great spot to work or catch up with friends. Reasonably priced for the quality. Will definitely be back!,False
27,5,Visited Harbor House Café last weekend. Every dish was bursting with flavor. Service was fast and friendly. Worth every penny. This is now my go-to spot.,Visited Harbor House Café last weekend. Every dish was bursting with flavor. Service was fast and friendly. Worth every penny. This is now my go-to spot.,False
28,5,"Visited Harbor House Café last weekend. The food was absolutely delicious. Our server got our order wrong twice, but honestly the food made up for it. Highly recommend to anyone in the area.","Visited Harbor House Café last weekend. The food was absolutely delicious. Our server got our order wrong twice, but honestly the food made up for it. Highly recommend to anyone in the area.",False
29,5,Stopped by Harbor House Café for the first time. Great spot to work or catch up with friends. The staff were warm and attentive. Great value for what you get. Will definitely be back!,Stopped by Harbor House Café for the first time. Great spot to work or catch up with friends. The staff were warm and attentive. Great value for what you get. Will definitely be back!,False
30,5,Grabbed a quick coffee at Harbor House Café this morning. The food was absolutely delicious. Great spot to work or catch up with friends. Worth every penny. Will definitely be back!,Grabbed a quick coffee at Harbor House Café this morning. The food was absolutely delicious. Great spot to work or catch up with friends. Worth every penny. Will definitely be back!,False
31,5,Grabbed a quick coffee at Harbor House Café this morning. Loved the natural light and the plants everywhere. The sourdough bread alone is worth the visit. Will definitely be back!,Grabbed a quick coffee at Harbor House Café this morning. Loved the natural light and the plants everywhere. The sourdough bread alone is worth the visit. Will definitely be back!,False
32,2,Stopped by Harbor House Café for the first time. My eggs came out cold. The cashier was rude when i asked about the menu. Not sure I'll be returning.,Stopped by Harbor House Café for the first time. My eggs came out cold. The cashier was rude when i asked about the menu. Not sure I'll be returning.,False
33,4,"Regular customer at Harbor House Café here. Every dish was bursting with flavor. The staff were polite but a bit slow, but overall a solid experience. It's fine for a quick stop.","Regular customer at Harbor House Café here. Every dish was bursting with flavor. The staff were polite but a bit slow, but overall a solid experience. It's fine for a quick stop.",False
34,2,Stopped by Harbor House Café for the first time. The pastry was stale. Our server got our order wrong twice. Not sure I'll be returning.,Stopped by Harbor House Café for the first time. The pastry was stale. Our server got our order wrong twice. Not sure I'll be returning.,False
35,5,Regular customer at Harbor House Café here. The staff were warm and attentive. Fresh ingredients you can really taste. Five stars without hesitation.,Regular customer at Harbor House Café here. The staff were warm and attentive. Fresh ingredients you can really taste. Five stars without hesitation.,False
36,4,"Regular customer at Harbor House Café here. Every dish was bursting with flavor. The staff were polite but a bit slow, but overall a solid experience. Highly recommend to anyone in the area.","Regular customer at Harbor House Café here. Every dish was bursting with flavor. The staff were polite but a bit slow, but overall a solid experience. Highly recommend to anyone in the area.",False
37,5,Grabbed a quick coffee at Harbor House Café this morning. The staff were warm and attentive. The sourdough bread alone is worth the visit. Highly recommend to anyone in the area.,Grabbed a quick coffee at Harbor House Café this morning. The staff were warm and attentive. The sourdough bread alone is worth the visit. Highly recommend to anyone in the area.,False
38,5,Stopped by Harbor House Café for the first time. The pastries were incredible. Our server remembered our names by the second visit. Will definitely be back!,Stopped by Harbor House Café for the first time. The pastries were incredible. Our server remembered our names by the second visit. Will definitely be back!,False
39,5,"Came to Harbor House Café for a birthday brunch. The seasonal menu never disappoints. The place has such a cozy, welcoming vibe. Highly recommend to anyone in the area.","Came to Harbor House Café for a birthday brunch. The seasonal menu never disappoints. The place has such a cozy, welcoming vibe. Highly recommend to anyone in the area.",False
40,5,The staff were warm and attentive. Loved the natural light and the plants everywhere. Great value for what you get. Five stars without hesitation.,The staff were warm and attentive. Loved the natural light and the plants everywhere. Great value for what you get. Five stars without hesitation.,False
41,5,Grabbed a quick coffee at Harbor House Café this morning. The sourdough bread alone is worth the visit. The team clearly cares about the customers. Will definitely be back!,Grabbed a quick coffee at Harbor House Café this morning. The sourdough bread alone is worth the visit. The team clearly cares about the customers. Will definitely be back!,True
42,4,"The coffee was rich and perfectly brewed. The staff were polite but a bit slow, but overall a solid experience. It's fine for a quick stop.","The coffee was rich and perfectly brewed. The staff were polite but a bit slow, but overall a solid experience. It's fine for a quick stop.",False
43,3,"Visited Harbor House Café last weekend. The coffee was okay. Service was fine, nothing memorable. It's fine for a quick stop.","Visited Harbor House Café last weekend. The coffee was okay. Service was fine, nothing memorable. It's fine for a quick stop.",False
44,5,Grabbed a quick coffee at Harbor House Café this morning. Great spot to work or catch up with friends. The pastries were incredible. Worth every penny. This is now my go-to spot.,Grabbed a quick coffee at Harbor House Café this morning. Great spot to work or catch up with friends. The pastries were incredible. Worth every penny. This is now my go-to spot.,False
45,4,"Came to Harbor House Café for a birthday brunch. The coffee was rich and perfectly brewed. The staff were polite but a bit slow, but overall a solid experience. Might give it another shot.","Came to Harbor House Café for a birthday brunch. The coffee was rich and perfectly brewed. The staff were polite but a bit slow, but overall a solid experience. Might give it another shot.",False
46,5,Tried Harbor House Café after seeing it recommended online. Our server remembered our names by the second visit. The music and decor set the perfect mood. Highly recommend to anyone in the area.,Tried Harbor House Café after seeing it recommended online. Our server remembered our names by the second visit. The music and decor set the perfect mood. Highly recommend to anyone in the area.,False
47,2,Came to Harbor House Café for a birthday brunch. The portions were way too small for the price. Our server got our order wrong twice. Probably won't recommend it to friends.,Came to Harbor House Café for a birthday brunch. The portions were way too small for the price. Our server got our order wrong twice. Probably won't recommend it to friends.,False
48,5,Grabbed a quick coffee at Harbor House Café this morning. Every dish was bursting with flavor. Service was fast and friendly. Great value for what you get. Five stars without hesitation.,Grabbed a quick coffee at Harbor House Café this morning. Every dish was bursting with flavor. Service was fast and friendly. Great value for what you get. Five stars without hesitation.,False
49,2,Tried Harbor House Café after seeing it recommended online. The coffee tasted burnt. The staff seemed annoyed to be there. Probably won't recommend it to friends.,Tried Harbor House Café after seeing it recommended online. The coffee tasted burnt. The staff seemed annoyed to be there. Probably won't recommend it to friends.,False
50,5,Tried Harbor House Café after seeing it recommended online. The music and decor set the perfect mood. Service was fast and friendly. Reasonably priced for the quality. This is now my go-to spot.,Tried Harbor House Café after seeing it recommended online. The music and decor set the perfect mood. Service was fast and friendly. Reasonably priced for the quality. This is now my go-to spot.,False
51,4,"Grabbed a quick coffee at Harbor House Café this morning. Every dish was bursting with flavor. We waited 25 minutes just to get water, but overall a solid experience. Will definitely be back!","Grabbed a quick coffee at Harbor House Café this morning. Every dish was bursting with flavor. We waited 25 minutes just to get water, but overall a solid experience. Will definitely be back!",True
52,5,"Visited Harbor House Café last weekend. The coffee was rich and perfectly brewed. The place has such a cozy, welcoming vibe. Reasonably priced for the quality. Will definitely be back!","Visited Harbor House Café last weekend. The coffee was rich and perfectly brewed. The place has such a cozy, welcoming vibe. Reasonably priced for the quality. Will definitely be back!",False
53,5,"Came to Harbor House Café for a birthday brunch. The place has such a cozy, welcoming vibe. The team clearly cares about the customers. Already planning my next visit.","Came to Harbor House Café for a birthday brunch. The place has such a cozy, welcoming vibe. The team clearly cares about the customers. Already planning my next visit.",False
54,5,"Tried Harbor House Café after seeing it recommended online. The sourdough bread alone is worth the visit. The place has such a cozy, welcoming vibe. Five stars without hesitation.","Tried Harbor House Café after seeing it recommended online. The sourdough bread alone is worth the visit. The place has such a cozy, welcoming vibe. Five stars without hesitation.",False
55,5,Grabbed a quick coffee at Harbor House Café this morning. Loved the natural light and the plants everywhere. The food was absolutely delicious. Five stars without hesitation.,Grabbed a quick coffee at Harbor House Café this morning. Loved the natural light and the plants everywhere. The food was absolutely delicious. Five stars without hesitation.,False
56,5,Grabbed a quick coffee at Harbor House Café this morning. Great spot to work or catch up with friends. The seasonal menu never disappoints. Great value for what you get. Already planning my next visit.,Grabbed a quick coffee at Harbor House Café this morning. Great spot to work or catch up with friends. The seasonal menu never disappoints. Great value for what you get. Already planning my next visit.,False
57,5,"Grabbed a quick coffee at Harbor House Café this morning. Service was fast and friendly. The place has such a cozy, welcoming vibe. This is now my go-to spot.","Grabbed a quick coffee at Harbor House Café this morning. Service was fast and friendly. The place has such a cozy, welcoming vibe. This is now my go-to spot.",False
58,4,"Every dish was bursting with flavor. Average service, no complaints, but overall a solid experience. Five stars without hesitation.","Every dish was bursting with flavor. Average service, no complaints, but overall a solid experience. Five stars without hesitation.",False
59,4,"Visited Harbor House Café last weekend. The sourdough bread alone is worth the visit. The staff were polite but a bit slow, but overall a solid experience. Five stars without hesitation.","Visited Harbor House Café last weekend. The sourdough bread alone is worth the visit. The staff were polite but a bit slow, but overall a solid experience. Five stars without hesitation.",False
60,5,Regular customer at Harbor House Café here. Every dish was bursting with flavor. The music and decor set the perfect mood. Reasonably priced for the quality. Five stars without hesitation.,Regular customer at Harbor House Café here. Every dish was bursting with flavor. The music and decor set the perfect mood. Reasonably priced for the quality. Five stars without hesitation.,False
61,4,"Came to Harbor House Café for a birthday brunch. Best brunch i've had in months. Average service, no complaints, but overall a solid experience. Might give it another shot.","Came to Harbor House Café for a birthday brunch. Best brunch i've had in months. Average service, no complaints, but overall a solid experience. Might give it another shot.",False
62,5,Stopped by Harbor House Café for the first time. Loved the natural light and the plants everywhere. The staff were warm and attentive. Will definitely be back!,Stopped by Harbor House Café for the first time. Loved the natural light and the plants everywhere. The staff were warm and attentive. Will definitely be back!,False
63,5,Came to Harbor House Café for a birthday brunch. The food was absolutely delicious. The staff were warm and attentive. Will definitely be back!,Came to Harbor House Café for a birthday brunch. The food was absolutely delicious. The staff were warm and attentive. Will definitely be back!,False
64,5,"Came to Harbor House Café for a birthday brunch. The place has such a cozy, welcoming vibe. Every dish was bursting with flavor. This is now my go-to spot.","Came to Harbor House Café for a birthday brunch. The place has such a cozy, welcoming vibe. Every dish was bursting with flavor. This is now my go-to spot.",False
65,5,"Tried Harbor House Café after seeing it recommended online. The place has such a cozy, welcoming vibe. Service was fast and friendly. This is now my go-to spot.","Tried Harbor House Café after seeing it recommended online. The place has such a cozy, welcoming vibe. Service was fast and friendly. This is now my go-to spot.",True
66,4,"Tried Harbor House Café after seeing it recommended online. Fresh ingredients you can really taste. Average service, no complaints, but overall a solid experience. It's fine for a quick stop.","Tried Harbor House Café after seeing it recommended online. Fresh ingredients you can really taste. Average service, no complaints, but overall a solid experience. It's fine for a quick stop.",False
67,5,The team clearly cares about the customers. The coffee was rich and perfectly brewed. Reasonably priced for the quality. Will definitely be back!,The team clearly cares about the customers. The coffee was rich and perfectly brewed. Reasonably priced for the quality. Will definitely be back!,False
68,5,Came to Harbor House Café for a birthday brunch. Service was fast and friendly. Fresh ingredients you can really taste. Reasonably priced for the quality. Will definitely be back!,Came to Harbor House Café for a birthday brunch. Service was fast and friendly. Fresh ingredients you can really taste. Reasonably priced for the quality. Will definitely be back!,False
69,5,"Visited Harbor House Café last weekend. The place has such a cozy, welcoming vibe. The food was absolutely delicious. Worth every penny. Will definitely be back!","Visited Harbor House Café last weekend. The place has such a cozy, welcoming vibe. The food was absolutely delicious. Worth every penny. Will definitely be back!",False
70,2,Grabbed a quick coffee at Harbor House Café this morning. My eggs came out cold. Nobody checked on us the entire meal. Not sure I'll be returning.,Grabbed a quick coffee at Harbor House Café this morning. My eggs came out cold. Nobody checked on us the entire meal. Not sure I'll be returning.,False
71,5,Came to Harbor House Café for a birthday brunch. The pastries were incredible. The staff were warm and attentive. Worth every penny. Highly recommend to anyone in the area.,Came to Harbor House Café for a birthday brunch. The pastries were incredible. The staff were warm and attentive. Worth every penny. Highly recommend to anyone in the area.,False
72,5,Tried Harbor House Café after seeing it recommended online. Best brunch i've had in months. Our server remembered our names by the second visit. This is now my go-to spot.,Tried Harbor House Café after seeing it recommended online. Best brunch i've had in months. Our server remembered our names by the second visit. This is now my go-to spot.,False
73,5,Stopped by Harbor House Café for the first time. Service was fast and friendly. Every dish was bursting with flavor. Worth every penny. Already planning my next visit.,Stopped by Harbor House Café for the first time. Service was fast and friendly. Every dish was bursting with flavor. Worth every penny. Already planning my next visit.,False
74,5,"Stopped by Harbor House Café for the first time. The place has such a cozy, welcoming vibe. Every dish was bursting with flavor. Five stars without hesitation.","Stopped by Harbor House Café for the first time. The place has such a cozy, welcoming vibe. Every dish was bursting with flavor. Five stars without hesitation.",False
75,5,Tried Harbor House Café after seeing it recommended online. Service was fast and friendly. The food was absolutely delicious. Reasonably priced for the quality. Highly recommend to anyone in the area.,Tried Harbor House Café after seeing it recommended online. Service was fast and friendly. The food was absolutely delicious. Reasonably priced for the quality. Highly recommend to anyone in the area.,False
76,4,"Came to Harbor House Café for a birthday brunch. The coffee was rich and perfectly brewed. Service was fine, nothing memorable, but overall a solid experience. This is now my go-to spot.","Came to Harbor House Café for a birthday brunch. The coffee was rich and perfectly brewed. Service was fine, nothing memorable, but overall a solid experience. This is now my go-to spot.",False
77,5,"Visited Harbor House Café last weekend. Fresh ingredients you can really taste. The cashier was rude when i asked about the menu, but honestly the food made up for it. Already planning my next visit.","Visited Harbor House Café last weekend. Fresh ingredients you can really taste. The cashier was rude when i asked about the menu, but honestly the food made up for it. Already planning my next visit.",False
78,1,Regular customer at Harbor House Café here. The portions were way too small for the price. Nobody checked on us the entire meal. Not sure I'll be returning.,Regular customer at Harbor House Café here. The portions were way too small for the price. Nobody checked on us the entire meal. Not sure I'll be returning.,False
79,5,Regular customer at Harbor House Café here. Great spot to work or catch up with friends. They went out of their way to accommodate my allergy. Reasonably priced for the quality. Five stars without hesitation.,Regular customer at Harbor House Café here. Great spot to work or catch up with friends. They went out of their way to accommodate my allergy. Reasonably priced for the quality. Five stars without hesitation.,False
80,3,"Regular customer at Harbor House Café here. The coffee was okay. Service was fine, nothing memorable. Wouldn't go out of my way, but wouldn't avoid it either.","Regular customer at Harbor House Café here. The coffee was okay. Service was fine, nothing memorable. Wouldn't go out of my way, but wouldn't avoid it either.",False
81,5,Came to Harbor House Café for a birthday brunch. The coffee was rich and perfectly brewed. They went out of their way to accommodate my allergy. Worth every penny. This is now my go-to spot.,Came to Harbor House Café for a birthday brunch. The coffee was rich and perfectly brewed. They went out of their way to accommodate my allergy. Worth every penny. This is now my go-to spot.,False
82,5,"Came to Harbor House Café for a birthday brunch. The place has such a cozy, welcoming vibe. The pastries were incredible. Will definitely be back!","Came to Harbor House Café for a birthday brunch. The place has such a cozy, welcoming vibe. The pastries were incredible. Will definitely be back!",False
83,4,"Regular customer at Harbor House Café here. The sourdough bread alone is worth the visit. Service was fine, nothing memorable, but overall a solid experience. This is now my go-to spot.","Regular customer at Harbor House Café here. The sourdough bread alone is worth the visit. Service was fine, nothing memorable, but overall a solid experience. This is now my go-to spot.",False
84,4,"Grabbed a quick coffee at Harbor House Café this morning. Every dish was bursting with flavor. Service was fine, nothing memorable, but overall a solid experience. Will definitely be back!","Grabbed a quick coffee at Harbor House Café this morning. Every dish was bursting with flavor. Service was fine, nothing memorable, but overall a solid experience. Will definitely be back!",False
85,5,Tried Harbor House Café after seeing it recommended online. The sourdough bread alone is worth the visit. The team clearly cares about the customers. Reasonably priced for the quality. Will definitely be back!,Tried Harbor House Café after seeing it recommended online. The sourdough bread alone is worth the visit. The team clearly cares about the customers. Reasonably priced for the quality. Will definitely be back!,False
86,5,The food was absolutely delicious. The music and decor set the perfect mood. Reasonably priced for the quality. Highly recommend to anyone in the area.,The food was absolutely delicious. The music and decor set the perfect mood. Reasonably priced for the quality. Highly recommend to anyone in the area.,False
87,5,Tried Harbor House Café after seeing it recommended online. The seasonal menu never disappoints. They went out of their way to accommodate my allergy. Will definitely be back!,Tried Harbor House Café after seeing it recommended online. The seasonal menu never disappoints. They went out of their way to accommodate my allergy. Will definitely be back!,False
88,3,"Average sandwiches, nothing to write home about. Average service, no complaints. It's fine for a quick stop.","Average sandwiches, nothing to write home about. Average service, no complaints. It's fine for a quick stop.",False
89,5,Tried Harbor House Café after seeing it recommended online. Loved the natural light and the plants everywhere. Service was fast and friendly. Worth every penny. This is now my go-to spot.,Tried Harbor House Café after seeing it recommended online. Loved the natural light and the plants everywhere. Service was fast and friendly. Worth every penny. This is now my go-to spot.,False
90,5,"Tried Harbor House Café after seeing it recommended online. The team clearly cares about the customers. The place has such a cozy, welcoming vibe. Five stars without hesitation.","Tried Harbor House Café after seeing it recommended online. The team clearly cares about the customers. The place has such a cozy, welcoming vibe. Five stars without hesitation.",False
91,5,Visited Harbor House Café last weekend. Every dish was bursting with flavor. Great spot to work or catch up with friends. Five stars without hesitation.,Visited Harbor House Café last weekend. Every dish was bursting with flavor. Great spot to work or catch up with friends. Five stars without hesitation.,False
92,5,Came to Harbor House Café for a birthday brunch. The seasonal menu never disappoints. Loved the natural light and the plants everywhere. Great value for what you get. Five stars without hesitation.,Came to Harbor House Café for a birthday brunch. The seasonal menu never disappoints. Loved the natural light and the plants everywhere. Great value for what you get. Five stars without hesitation.,False
93,4,"Tried Harbor House Café after seeing it recommended online. The food was absolutely delicious. The staff were polite but a bit slow, but overall a solid experience. Five stars without hesitation.","Tried Harbor House Café after seeing it recommended online. The food was absolutely delicious. The staff were polite but a bit slow, but overall a solid experience. Five stars without hesitation.",False
94,5,"The place has such a cozy, welcoming vibe. The food was absolutely delicious. Highly recommend to anyone in the area.","The place has such a cozy, welcoming vibe. The food was absolutely delicious. Highly recommend to anyone in the area.",False
95,5,Stopped by Harbor House Café for the first time. Service was fast and friendly. Fresh ingredients you can really taste. Already planning my next visit.,Stopped by Harbor House Café for the first time. Service was fast and friendly. Fresh ingredients you can really taste. Already planning my next visit.,False
96,4,"Visited Harbor House Café last weekend. The pastries were incredible. Service was fine, nothing memorable, but overall a solid experience. Will definitely be back!","Visited Harbor House Café last weekend. The pastries were incredible. Service was fine, nothing memorable, but overall a solid experience. Will definitely be back!",False
97,5,Great spot to work or catch up with friends. The pastries were incredible. Five stars without hesitation.,Great spot to work or catch up with friends. The pastries were incredible. Five stars without hesitation.,False
98,5,Regular customer at Harbor House Café here. The pastries were incredible. Service was fast and friendly. This is now my go-to spot.,Regular customer at Harbor House Café here. The pastries were incredible. Service was fast and friendly. This is now my go-to spot.,False
99,5,"The pastries were incredible. The place has such a cozy, welcoming vibe. Highly recommend to anyone in the area.","The pastries were incredible. The place has such a cozy, welcoming vibe. Highly recommend to anyone in the area.",False
100,1,Came to Harbor House Café for a birthday brunch. The coffee tasted burnt. The cashier was rude when i asked about the menu. The place felt cramped and chaotic. Not sure I'll be returning.,Came to Harbor House Café for a birthday brunch. The coffee tasted burnt. The cashier was rude when i asked about the menu. The place felt cramped and chaotic. Not sure I'll be returning.,False
101,5,Stopped by Harbor House Café for the first time. Service was fast and friendly. The seasonal menu never disappoints. This is now my go-to spot.,Stopped by Harbor House Café for the first time. Service was fast and friendly. The seasonal menu never disappoints. This is now my go-to spot.,False
102,5,Grabbed a quick coffee at Harbor House Café this morning. Great spot to work or catch up with friends. Service was fast and friendly. Reasonably priced for the quality. Already planning my next visit.,Grabbed a quick coffee at Harbor House Café this morning. Great spot to work or catch up with friends. Service was fast and friendly. Reasonably priced for the quality. Already planning my next visit.,False
103,5,"Tried Harbor House Café after seeing it recommended online. The food was absolutely delicious. The place has such a cozy, welcoming vibe. Reasonably priced for the quality. Already planning my next visit.","Tried Harbor House Café after seeing it recommended online. The food was absolutely delicious. The place has such a cozy, welcoming vibe. Reasonably priced for the quality. Already planning my next visit.",False
104,5,Regular customer at Harbor House Café here. Great spot to work or catch up with friends. The team clearly cares about the customers. Worth every penny. Already planning my next visit.,Regular customer at Harbor House Café here. Great spot to work or catch up with friends. The team clearly cares about the customers. Worth every penny. Already planning my next visit.,False
105,5,Grabbed a quick coffee at Harbor House Café this morning. The staff were warm and attentive. The music and decor set the perfect mood. Great value for what you get. This is now my go-to spot.,Grabbed a quick coffee at Harbor House Café this morning. The staff were warm and attentive. The music and decor set the perfect mood. Great value for what you get. This is now my go-to spot.,False
106,5,"Tried Harbor House Café after seeing it recommended online. The place has such a cozy, welcoming vibe. Fresh ingredients you can really taste. Reasonably priced for the quality. Highly recommend to anyone in the area.","Tried Harbor House Café after seeing it recommended online. The place has such a cozy, welcoming vibe. Fresh ingredients you can really taste. Reasonably priced for the quality. Highly recommend to anyone in the area.",False
107,1,Tried Harbor House Café after seeing it recommended online. The coffee tasted burnt. We waited 25 minutes just to get water. Expected a lot more given the reviews.,Tried Harbor House Café after seeing it recommended online. The coffee tasted burnt. We waited 25 minutes just to get water. Expected a lot more given the reviews.,False
108,5,Grabbed a quick coffee at Harbor House Café this morning. The sourdough bread alone is worth the visit. The team clearly cares about the customers. Will definitely be back!,Grabbed a quick coffee at Harbor House Café this morning. The sourdough bread alone is worth the visit. The team clearly cares about the customers. Will definitely be back!,True
109,5,"Came to Harbor House Café for a birthday brunch. They went out of their way to accommodate my allergy. The place has such a cozy, welcoming vibe. Worth every penny. Highly recommend to anyone in the area.","Came to Harbor House Café for a birthday brunch. They went out of their way to accommodate my allergy. The place has such a cozy, welcoming vibe. Worth every penny. Highly recommend to anyone in the area.",False
110,3,"Regular customer at Harbor House Café here. Average sandwiches, nothing to write home about. The staff were polite but a bit slow. Might give it another shot.","Regular customer at Harbor House Café here. Average sandwiches, nothing to write home about. The staff were polite but a bit slow. Might give it another shot.",True
111,5,Tried Harbor House Café after seeing it recommended online. Service was fast and friendly. Loved the natural light and the plants everywhere. Worth every penny. Five stars without hesitation.,Tried Harbor House Café after seeing it recommended online. Service was fast and friendly. Loved the natural light and the plants everywhere. Worth every penny. Five stars without hesitation.,False
112,5,Came to Harbor House Café for a birthday brunch. They went out of their way to accommodate my allergy. Best brunch i've had in months. Highly recommend to anyone in the area.,Came to Harbor House Café for a birthday brunch. They went out of their way to accommodate my allergy. Best brunch i've had in months. Highly recommend to anyone in the area.,False
113,4,"Grabbed a quick coffee at Harbor House Café this morning. Every dish was bursting with flavor. We waited 25 minutes just to get water, but overall a solid experience. Will definitely be back!","Grabbed a quick coffee at Harbor House Café this morning. Every dish was bursting with flavor. We waited 25 minutes just to get water, but overall a solid experience. Will definitely be back!",True
114,5,"Regular customer at Harbor House Café here. The place has such a cozy, welcoming vibe. Service was fast and friendly. This is now my go-to spot.","Regular customer at Harbor House Café here. The place has such a cozy, welcoming vibe. Service was fast and friendly. This is now my go-to spot.",False
115,2,Grabbed a quick coffee at Harbor House Café this morning. The pastry was stale. We waited 25 minutes just to get water. Disappointing experience overall.,Grabbed a quick coffee at Harbor House Café this morning. The pastry was stale. We waited 25 minutes just to get water. Disappointing experience overall.,False
116,4,"Came to Harbor House Café for a birthday brunch. The food was absolutely delicious. We waited 25 minutes just to get water, but overall a solid experience. Wouldn't go out of my way, but wouldn't avoid it either.","Came to Harbor House Café for a birthday brunch. The food was absolutely delicious. We waited 25 minutes just to get water, but overall a solid experience. Wouldn't go out of my way, but wouldn't avoid it either.",False
117,4,"Came to Harbor House Café for a birthday brunch. Every dish was bursting with flavor. Service was fine, nothing memorable, but overall a solid experience. Five stars without hesitation.","Came to Harbor House Café for a birthday brunch. Every dish was bursting with flavor. Service was fine, nothing memorable, but overall a solid experience. Five stars without hesitation.",False
118,5,Stopped by Harbor House Café for the first time. Service was fast and friendly. Loved the natural light and the plants everywhere. Great value for what you get. This is now my go-to spot.,Stopped by Harbor House Café for the first time. Service was fast and friendly. Loved the natural light and the plants everywhere. Great value for what you get. This is now my go-to spot.,False
119,4,"Grabbed a quick coffee at Harbor House Café this morning. The sourdough bread alone is worth the visit. Average service, no complaints, but overall a solid experience. Wouldn't go out of my way, but wouldn't avoid it either.","Grabbed a quick coffee at Harbor House Café this morning. The sourdough bread alone is worth the visit. Average service, no complaints, but overall a solid experience. Wouldn't go out of my way, but wouldn't avoid it either.",False
120,5,Stopped by Harbor House Café for the first time. Fresh ingredients you can really taste. Our server remembered our names by the second visit. Reasonably priced for the quality. Already planning my next visit.,Stopped by Harbor House Café for the first time. Fresh ingredients you can really taste. Our server remembered our names by the second visit. Reasonably priced for the quality. Already planning my next visit.,False
121,5,Came to Harbor House Café for a birthday brunch. The music and decor set the perfect mood. The seasonal menu never disappoints. Reasonably priced for the quality. Already planning my next visit.,Came to Harbor House Café for a birthday brunch. The music and decor set the perfect mood. The seasonal menu never disappoints. Reasonably priced for the quality. Already planning my next visit.,False
122,5,Grabbed a quick coffee at Harbor House Café this morning. The music and decor set the perfect mood. The pastries were incredible. Five stars without hesitation.,Grabbed a quick coffee at Harbor House Café this morning. The music and decor set the perfect mood. The pastries were incredible. Five stars without hesitation.,False
123,1,Grabbed a quick coffee at Harbor House Café this morning. The portions were way too small for the price. We waited 25 minutes just to get water. Tables were sticky and the floor hadn't been swept. Disappointing experience overall.,Grabbed a quick coffee at Harbor House Café this morning. The portions were way too small for the price. We waited 25 minutes just to get water. Tables were sticky and the floor hadn't been swept. Disappointing experience overall.,False
124,4,"Grabbed a quick coffee at Harbor House Café this morning. The coffee was rich and perfectly brewed. The staff seemed annoyed to be there, but overall a solid experience. Wouldn't go out of my way, but wouldn't avoid it either.","Grabbed a quick coffee at Harbor House Café this morning. The coffee was rich and perfectly brewed. The staff seemed annoyed to be there, but overall a solid experience. Wouldn't go out of my way, but wouldn't avoid it either.",False
125,5,Regular customer at Harbor House Café here. The team clearly cares about the customers. Great spot to work or catch up with friends. Worth every penny. Highly recommend to anyone in the area.,Regular customer at Harbor House Café here. The team clearly cares about the customers. Great spot to work or catch up with friends. Worth every penny. Highly recommend to anyone in the area.,False
126,5,"The place has such a cozy, welcoming vibe. The pastries were incredible. Worth every penny. This is now my go-to spot.","The place has such a cozy, welcoming vibe. The pastries were incredible. Worth every penny. This is now my go-to spot.",False
127,3,"Stopped by Harbor House Café for the first time. The menu is fine but a bit repetitive. The staff seemed annoyed to be there. Wouldn't go out of my way, but wouldn't avoid it either.","Stopped by Harbor House Café for the first time. The menu is fine but a bit repetitive. The staff seemed annoyed to be there. Wouldn't go out of my way, but wouldn't avoid it either.",False
128,5,Regular customer at Harbor House Café here. The music and decor set the perfect mood. The staff were warm and attentive. This is now my go-to spot.,Regular customer at Harbor House Café here. The music and decor set the perfect mood. The staff were warm and attentive. This is now my go-to spot.,False
129,5,Stopped by Harbor House Café for the first time. Best brunch i've had in months. Great spot to work or catch up with friends. Worth every penny. Will definitely be back!,Stopped by Harbor House Café for the first time. Best brunch i've had in months. Great spot to work or catch up with friends. Worth every penny. Will definitely be back!,False
130,5,The music and decor set the perfect mood. The staff were warm and attentive. Reasonably priced for the quality. This is now my go-to spot.,The music and decor set the perfect mood. The staff were warm and attentive. Reasonably priced for the quality. This is now my go-to spot.,False
131,5,"Regular customer at Harbor House Café here. The place has such a cozy, welcoming vibe. They went out of their way to accommodate my allergy. This is now my go-to spot.","Regular customer at Harbor House Café here. The place has such a cozy, welcoming vibe. They went out of their way to accommodate my allergy. This is now my go-to spot.",False
132,5,Came to Harbor House Café for a birthday brunch. The team clearly cares about the customers. The seasonal menu never disappoints. Will definitely be back!,Came to Harbor House Café for a birthday brunch. The team clearly cares about the customers. The seasonal menu never disappoints. Will definitely be back!,False
133,4,"Grabbed a quick coffee at Harbor House Café this morning. The pastries were incredible. Average service, no complaints, but overall a solid experience. Might give it another shot.","Grabbed a quick coffee at Harbor House Café this morning. The pastries were incredible. Average service, no complaints, but overall a solid experience. Might give it another shot.",False
134,5,"Came to Harbor House Café for a birthday brunch. They went out of their way to accommodate my allergy. The place has such a cozy, welcoming vibe. Great value for what you get. This is now my go-to spot.","Came to Harbor House Café for a birthday brunch. They went out of their way to accommodate my allergy. The place has such a cozy, welcoming vibe. Great value for what you get. This is now my go-to spot.",False
135,5,"Came to Harbor House Café for a birthday brunch. The place has such a cozy, welcoming vibe. Our server remembered our names by the second visit. Reasonably priced for the quality. Highly recommend to anyone in the area.","Came to Harbor House Café for a birthday brunch. The place has such a cozy, welcoming vibe. Our server remembered our names by the second visit. Reasonably priced for the quality. Highly recommend to anyone in the area.",False
136,5,Came to Harbor House Café for a birthday brunch. The seasonal menu never disappoints. The team clearly cares about the customers. This is now my go-to spot.,Came to Harbor House Café for a birthday brunch. The seasonal menu never disappoints. The team clearly cares about the customers. This is now my go-to spot.,False
137,5,Grabbed a quick coffee at Harbor House Café this morning. Great spot to work or catch up with friends. The team clearly cares about the customers. Five stars without hesitation.,Grabbed a quick coffee at Harbor House Café this morning. Great spot to work or catch up with friends. The team clearly cares about the customers. Five stars without hesitation.,False
138,5,"Tried Harbor House Café after seeing it recommended online. They went out of their way to accommodate my allergy. The place has such a cozy, welcoming vibe. Already planning my next visit.","Tried Harbor House Café after seeing it recommended online. They went out of their way to accommodate my allergy. The place has such a cozy, welcoming vibe. Already planning my next visit.",False
139,5,Tried Harbor House Café after seeing it recommended online. Great spot to work or catch up with friends. They went out of their way to accommodate my allergy. Five stars without hesitation.,Tried Harbor House Café after seeing it recommended online. Great spot to work or catch up with friends. They went out of their way to accommodate my allergy. Five stars without hesitation.,False
140,1,The coffee tasted burnt. We waited 25 minutes just to get water. The place felt cramped and chaotic. Not sure I'll be returning.,The coffee tasted burnt. We waited 25 minutes just to get water. The place felt cramped and chaotic. Not sure I'll be returning.,False
141,5,Regular customer at Harbor House Café here. The seasonal menu never disappoints. Great spot to work or catch up with friends. This is now my go-to spot.,Regular customer at Harbor House Café here. The seasonal menu never disappoints. Great spot to work or catch up with friends. This is now my go-to spot.,False
142,5,Stopped by Harbor House Café for the first time. The pastries were incredible. The music and decor set the perfect mood. Worth every penny. Five stars without hesitation.,Stopped by Harbor House Café for the first time. The pastries were incredible. The music and decor set the perfect mood. Worth every penny. Five stars without hesitation.,False
143,5,"The place has such a cozy, welcoming vibe. Best brunch i've had in months. Worth every penny. Will definitely be back!","The place has such a cozy, welcoming vibe. Best brunch i've had in months. Worth every penny. Will definitely be back!",False
144,5,The music and decor set the perfect mood. Best brunch i've had in months. Five stars without hesitation.,The music and decor set the perfect mood. Best brunch i've had in months. Five stars without hesitation.,False
145,5,Came to Harbor House Café for a birthday brunch. The team clearly cares about the customers. Best brunch i've had in months. Reasonably priced for the quality. Will definitely be back!,Came to Harbor House Café for a birthday brunch. The team clearly cares about the customers. Best brunch i've had in months. Reasonably priced for the quality. Will definitely be back!,False
146,5,Visited Harbor House Café last weekend. The food was absolutely delicious. Service was fast and friendly. Great value for what you get. This is now my go-to spot.,Visited Harbor House Café last weekend. The food was absolutely delicious. Service was fast and friendly. Great value for what you get. This is now my go-to spot.,False
147,4,"Stopped by Harbor House Café for the first time. The seasonal menu never disappoints. Service was fine, nothing memorable, but overall a solid experience. Might give it another shot.","Stopped by Harbor House Café for the first time. The seasonal menu never disappoints. Service was fine, nothing memorable, but overall a solid experience. Might give it another shot.",False
148,2,Tried Harbor House Café after seeing it recommended online. The food was bland and overpriced. Our server got our order wrong twice. Disappointing experience overall.,Tried Harbor House Café after seeing it recommended online. The food was bland and overpriced. Our server got our order wrong twice. Disappointing experience overall.,False
149,5,"Stopped by Harbor House Café for the first time. The place has such a cozy, welcoming vibe. Best brunch i've had in months. Already planning my next visit.","Stopped by Harbor House Café for the first time. The place has such a cozy, welcoming vibe. Best brunch i've had in months. Already planning my next visit.",False
150,5,The music and decor set the perfect mood. Service was fast and friendly. Highly recommend to anyone in the area.,The music and decor set the perfect mood. Service was fast and friendly. Highly recommend to anyone in the area.,False
151,5,Came to Harbor House Café for a birthday brunch. Loved the natural light and the plants everywhere. Our server remembered our names by the second visit. Reasonably priced for the quality. This is now my go-to spot.,Came to Harbor House Café for a birthday brunch. Loved the natural light and the plants everywhere. Our server remembered our names by the second visit. Reasonably priced for the quality. This is now my go-to spot.,False
152,5,Stopped by Harbor House Café for the first time. The team clearly cares about the customers. The pastries were incredible. Great value for what you get. Will definitely be back!,Stopped by Harbor House Café for the first time. The team clearly cares about the customers. The pastries were incredible. Great value for what you get. Will definitely be back!,False
153,5,Came to Harbor House Café for a birthday brunch. The seasonal menu never disappoints. Service was fast and friendly. Five stars without hesitation.,Came to Harbor House Café for a birthday brunch. The seasonal menu never disappoints. Service was fast and friendly. Five stars without hesitation.,False
154,5,"Visited Harbor House Café last weekend. The place has such a cozy, welcoming vibe. The coffee was rich and perfectly brewed. Highly recommend to anyone in the area.","Visited Harbor House Café last weekend. The place has such a cozy, welcoming vibe. The coffee was rich and perfectly brewed. Highly recommend to anyone in the area.",False
155,3,"Tried Harbor House Café after seeing it recommended online. The coffee was okay. Average service, no complaints. Might give it another shot.","Tried Harbor House Café after seeing it recommended online. The coffee was okay. Average service, no complaints. Might give it another shot.",False
156,4,"Grabbed a quick coffee at Harbor House Café this morning. The coffee was rich and perfectly brewed. The staff seemed annoyed to be there, but overall a solid experience. It's fine for a quick stop.","Grabbed a quick coffee at Harbor House Café this morning. The coffee was rich and perfectly brewed. The staff seemed annoyed to be there, but overall a solid experience. It's fine for a quick stop.",False
157,5,Regular customer at Harbor House Café here. The staff were warm and attentive. Fresh ingredients you can really taste. Highly recommend to anyone in the area.,Regular customer at Harbor House Café here. The staff were warm and attentive. Fresh ingredients you can really taste. Highly recommend to anyone in the area.,False
158,3,"Visited Harbor House Café last weekend. Average sandwiches, nothing to write home about. Average service, no complaints. It's fine for a quick stop.","Visited Harbor House Café last weekend. Average sandwiches, nothing to write home about. Average service, no complaints. It's fine for a quick stop.",False
159,5,Tried Harbor House Café after seeing it recommended online. Our server remembered our names by the second visit. Loved the natural light and the plants everywhere. Already planning my next visit.,Tried Harbor House Café after seeing it recommended online. Our server remembered our names by the second visit. Loved the natural light and the plants everywhere. Already planning my next visit.,False
160,4,"Came to Harbor House Café for a birthday brunch. Fresh ingredients you can really taste. The staff seemed annoyed to be there, but overall a solid experience. It's fine for a quick stop.","Came to Harbor House Café for a birthday brunch. Fresh ingredients you can really taste. The staff seemed annoyed to be there, but overall a solid experience. It's fine for a quick stop.",False
161,3,Stopped by Harbor House Café for the first time. The menu is fine but a bit repetitive. The staff were polite but a bit slow. Might give it another shot.,Stopped by Harbor House Café for the first time. The menu is fine but a bit repetitive. The staff were polite but a bit slow. Might give it another shot.,False
162,3,"Visited Harbor House Café last weekend. The menu is fine but a bit repetitive. Service was fine, nothing memorable. It's fine for a quick stop.","Visited Harbor House Café last weekend. The menu is fine but a bit repetitive. Service was fine, nothing memorable. It's fine for a quick stop.",False
163,5,Tried Harbor House Café after seeing it recommended online. The staff were warm and attentive. The coffee was rich and perfectly brewed. Reasonably priced for the quality. Five stars without hesitation.,Tried Harbor House Café after seeing it recommended online. The staff were warm and attentive. The coffee was rich and perfectly brewed. Reasonably priced for the quality. Five stars without hesitation.,False
164,5,"Visited Harbor House Café last weekend. The coffee was rich and perfectly brewed. The place has such a cozy, welcoming vibe. Will definitely be back!","Visited Harbor House Café last weekend. The coffee was rich and perfectly brewed. The place has such a cozy, welcoming vibe. Will definitely be back!",False
165,5,They went out of their way to accommodate my allergy. Best brunch i've had in months. Worth every penny. This is now my go-to spot.,They went out of their way to accommodate my allergy. Best brunch i've had in months. Worth every penny. This is now my go-to spot.,False
166,4,"Tried Harbor House Café after seeing it recommended online. Fresh ingredients you can really taste. The staff seemed annoyed to be there, but overall a solid experience. Five stars without hesitation.","Tried Harbor House Café after seeing it recommended online. Fresh ingredients you can really taste. The staff seemed annoyed to be there, but overall a solid experience. Five stars without hesitation.",False
167,4,"Stopped by Harbor House Café for the first time. The pastries were incredible. We waited 25 minutes just to get water, but overall a solid experience. Highly recommend to anyone in the area.","Stopped by Harbor House Café for the first time. The pastries were incredible. We waited 25 minutes just to get water, but overall a solid experience. Highly recommend to anyone in the area.",False
168,5,Came to Harbor House Café for a birthday brunch. Fresh ingredients you can really taste. Loved the natural light and the plants everywhere. Will definitely be back!,Came to Harbor House Café for a birthday brunch. Fresh ingredients you can really taste. Loved the natural light and the plants everywhere. Will definitely be back!,False
169,5,Visited Harbor House Café last weekend. The food was absolutely delicious. Service was fast and friendly. Worth every penny. Five stars without hesitation.,Visited Harbor House Café last weekend. The food was absolutely delicious. Service was fast and friendly. Worth every penny. Five stars without hesitation.,False
170,3,"Grabbed a quick coffee at Harbor House Café this morning. The food was decent, nothing special. The staff were polite but a bit slow. It's fine for a quick stop.","Grabbed a quick coffee at Harbor House Café this morning. The food was decent, nothing special. The staff were polite but a bit slow. It's fine for a quick stop.",False
171,5,"Regular customer at Harbor House Café here. Service was fast and friendly. The place has such a cozy, welcoming vibe. Great value for what you get. Highly recommend to anyone in the area.","Regular customer at Harbor House Café here. Service was fast and friendly. The place has such a cozy, welcoming vibe. Great value for what you get. Highly recommend to anyone in the area.",False
172,5,Visited Harbor House Café last weekend. The sourdough bread alone is worth the visit. Loved the natural light and the plants everywhere. Five stars without hesitation.,Visited Harbor House Café last weekend. The sourdough bread alone is worth the visit. Loved the natural light and the plants everywhere. Five stars without hesitation.,False
173,5,Grabbed a quick coffee at Harbor House Café this morning. They went out of their way to accommodate my allergy. Fresh ingredients you can really taste. Five stars without hesitation.,Grabbed a quick coffee at Harbor House Café this morning. They went out of their way to accommodate my allergy. Fresh ingredients you can really taste. Five stars without hesitation.,False
174,5,Came to Harbor House Café for a birthday brunch. The staff were warm and attentive. The food was absolutely delicious. Reasonably priced for the quality. This is now my go-to spot.,Came to Harbor House Café for a birthday brunch. The staff were warm and attentive. The food was absolutely delicious. Reasonably priced for the quality. This is now my go-to spot.,False
175,3,"Visited Harbor House Café last weekend. The food was decent, nothing special. Our server got our order wrong twice. Might give it another shot.","Visited Harbor House Café last weekend. The food was decent, nothing special. Our server got our order wrong twice. Might give it another shot.",False
176,5,Loved the natural light and the plants everywhere. The staff were warm and attentive. Already planning my next visit.,Loved the natural light and the plants everywhere. The staff were warm and attentive. Already planning my next visit.,False
177,2,Grabbed a quick coffee at Harbor House Café this morning. The food was bland and overpriced. Our server got our order wrong twice. Probably won't recommend it to friends.,Grabbed a quick coffee at Harbor House Café this morning. The food was bland and overpriced. Our server got our order wrong twice. Probably won't recommend it to friends.,True
178,5,Grabbed a quick coffee at Harbor House Café this morning. Fresh ingredients you can really taste. The music and decor set the perfect mood. Will definitely be back!,Grabbed a quick coffee at Harbor House Café this morning. Fresh ingredients you can really taste. The music and decor set the perfect mood. Will definitely be back!,False
179,5,Great spot to work or catch up with friends. The coffee was rich and perfectly brewed. Great value for what you get. Five stars without hesitation.,Great spot to work or catch up with friends. The coffee was rich and perfectly brewed. Great value for what you get. Five stars without hesitation.,False
180,5,Stopped by Harbor House Café for the first time. Great spot to work or catch up with friends. The seasonal menu never disappoints. Worth every penny. Five stars without hesitation.,Stopped by Harbor House Café for the first time. Great spot to work or catch up with friends. The seasonal menu never disappoints. Worth every penny. Five stars without hesitation.,False
181,5,Came to Harbor House Café for a birthday brunch. The team clearly cares about the customers. The pastries were incredible. Great value for what you get. This is now my go-to spot.,Came to Harbor House Café for a birthday brunch. The team clearly cares about the customers. The pastries were incredible. Great value for what you get. This is now my go-to spot.,False
182,5,Stopped by Harbor House Café for the first time. Our server remembered our names by the second visit. Fresh ingredients you can really taste. Will definitely be back!,Stopped by Harbor House Café for the first time. Our server remembered our names by the second visit. Fresh ingredients you can really taste. Will definitely be back!,False
183,5,Came to Harbor House Café for a birthday brunch. The sourdough bread alone is worth the visit. The team clearly cares about the customers. Worth every penny. This is now my go-to spot.,Came to Harbor House Café for a birthday brunch. The sourdough bread alone is worth the visit. The team clearly cares about the customers. Worth every penny. This is now my go-to spot.,False
184,5,Tried Harbor House Café after seeing it recommended online. Fresh ingredients you can really taste. Great spot to work or catch up with friends. Already planning my next visit.,Tried Harbor House Café after seeing it recommended online. Fresh ingredients you can really taste. Great spot to work or catch up with friends. Already planning my next visit.,False
185,5,Stopped by Harbor House Café for the first time. Our server remembered our names by the second visit. The pastries were incredible. Reasonably priced for the quality. Five stars without hesitation.,Stopped by Harbor House Café for the first time. Our server remembered our names by the second visit. The pastries were incredible. Reasonably priced for the quality. Five stars without hesitation.,False
186,5,Came to Harbor House Café for a birthday brunch. The staff were warm and attentive. The music and decor set the perfect mood. Highly recommend to anyone in the area.,Came to Harbor House Café for a birthday brunch. The staff were warm and attentive. The music and decor set the perfect mood. Highly recommend to anyone in the area.,False
187,5,"Grabbed a quick coffee at Harbor House Café this morning. The pastries were incredible. Our server got our order wrong twice, but honestly the food made up for it. This is now my go-to spot.","Grabbed a quick coffee at Harbor House Café this morning. The pastries were incredible. Our server got our order wrong twice, but honestly the food made up for it. This is now my go-to spot.",False
188,5,Came to Harbor House Café for a birthday brunch. The music and decor set the perfect mood. The staff were warm and attentive. This is now my go-to spot.,Came to Harbor House Café for a birthday brunch. The music and decor set the perfect mood. The staff were warm and attentive. This is now my go-to spot.,False
189,5,Tried Harbor House Café after seeing it recommended online. The music and decor set the perfect mood. Every dish was bursting with flavor. Highly recommend to anyone in the area.,Tried Harbor House Café after seeing it recommended online. The music and decor set the perfect mood. Every dish was bursting with flavor. Highly recommend to anyone in the area.,False
190,1,Stopped by Harbor House Café for the first time. The portions were way too small for the price. Nobody checked on us the entire meal. Disappointing experience overall.,Stopped by Harbor House Café for the first time. The portions were way too small for the price. Nobody checked on us the entire meal. Disappointing experience overall.,False
191,2,The pastry was stale. Our server got our order wrong twice. Not sure I'll be returning.,The pastry was stale. Our server got our order wrong twice. Not sure I'll be returning.,False
192,2,"Regular customer at Harbor House Café here. The food was decent, nothing special. Service was fine, nothing memorable. Just didn't love it enough to come back.","Regular customer at Harbor House Café here. The food was decent, nothing special. Service was fine, nothing memorable. Just didn't love it enough to come back.",False
193,4,"Regular customer at Harbor House Café here. The pastries were incredible. Average service, no complaints, but overall a solid experience. Five stars without hesitation.","Regular customer at Harbor House Café here. The pastries were incredible. Average service, no complaints, but overall a solid experience. Five stars without hesitation.",False
194,5,"Grabbed a quick coffee at Harbor House Café this morning. Every dish was bursting with flavor. The place has such a cozy, welcoming vibe. Five stars without hesitation.","Grabbed a quick coffee at Harbor House Café this morning. Every dish was bursting with flavor. The place has such a cozy, welcoming vibe. Five stars without hesitation.",False
195,2,Grabbed a quick coffee at Harbor House Café this morning. The food was bland and overpriced. Our server got our order wrong twice. Probably won't recommend it to friends.,Grabbed a quick coffee at Harbor House Café this morning. The food was bland and overpriced. Our server got our order wrong twice. Probably won't recommend it to friends.,True
196,5,Regular customer at Harbor House Café here. The team clearly cares about the customers. The music and decor set the perfect mood. Great value for what you get. Five stars without hesitation.,Regular customer at Harbor House Café here. The team clearly cares about the customers. The music and decor set the perfect mood. Great value for what you get. Five stars without hesitation.,False
197,5,Service was fast and friendly. The music and decor set the perfect mood. Will definitely be back!,Service was fast and friendly. The music and decor set the perfect mood. Will definitely be back!,False
198,5,"Grabbed a quick coffee at Harbor House Café this morning. The place has such a cozy, welcoming vibe. Fresh ingredients you can really taste. Already planning my next visit.","Grabbed a quick coffee at Harbor House Café this morning. The place has such a cozy, welcoming vibe. Fresh ingredients you can really taste. Already planning my next visit.",False
199,2,Visited Harbor House Café last weekend. The portions were way too small for the price. The staff seemed annoyed to be there. Expected a lot more given the reviews.,Visited Harbor House Café last weekend. The portions were way too small for the price. The staff seemed annoyed to be there. Expected a lot more given the reviews.,False
200,5,Stopped by Harbor House Café for the first time. The music and decor set the perfect mood. Every dish was bursting with flavor. Already planning my next visit.,Stopped by Harbor House Café for the first time. The music and decor set the perfect mood. Every dish was bursting with flavor. Already planning my next visit.,False
201,5,Regular customer at Harbor House Café here. The staff were warm and attentive. The food was absolutely delicious. This is now my go-to spot.,Regular customer at Harbor House Café here. The staff were warm and attentive. The food was absolutely delicious. This is now my go-to spot.,False
202,5,Tried Harbor House Café after seeing it recommended online. The music and decor set the perfect mood. They went out of their way to accommodate my allergy. Five stars without hesitation.,Tried Harbor House Café after seeing it recommended online. The music and decor set the perfect mood. They went out of their way to accommodate my allergy. Five stars without hesitation.,False
203,5,Came to Harbor House Café for a birthday brunch. Best brunch i've had in months. They went out of their way to accommodate my allergy. Great value for what you get. Highly recommend to anyone in the area.,Came to Harbor House Café for a birthday brunch. Best brunch i've had in months. They went out of their way to accommodate my allergy. Great value for what you get. Highly recommend to anyone in the area.,False
204,5,"Came to Harbor House Café for a birthday brunch. Every dish was bursting with flavor. The cashier was rude when i asked about the menu, but honestly the food made up for it. Already planning my next visit.","Came to Harbor House Café for a birthday brunch. Every dish was bursting with flavor. The cashier was rude when i asked about the menu, but honestly the food made up for it. Already planning my next visit.",False
205,5,Visited Harbor House Café last weekend. The staff were warm and attentive. The music and decor set the perfect mood. Highly recommend to anyone in the area.,Visited Harbor House Café last weekend. The staff were warm and attentive. The music and decor set the perfect mood. Highly recommend to anyone in the area.,False
206,2,Came to Harbor House Café for a birthday brunch. My eggs came out cold. The cashier was rude when i asked about the menu. Expected a lot more given the reviews.,Came to Harbor House Café for a birthday brunch. My eggs came out cold. The cashier was rude when i asked about the menu. Expected a lot more given the reviews.,False
207,5,Tried Harbor House Café after seeing it recommended online. Loved the natural light and the plants everywhere. The sourdough bread alone is worth the visit. Worth every penny. Already planning my next visit.,Tried Harbor House Café after seeing it recommended online. Loved the natural light and the plants everywhere. The sourdough bread alone is worth the visit. Worth every penny. Already planning my next visit.,False
208,5,Visited Harbor House Café last weekend. The staff were warm and attentive. The seasonal menu never disappoints. Worth every penny. This is now my go-to spot.,Visited Harbor House Café last weekend. The staff were warm and attentive. The seasonal menu never disappoints. Worth every penny. This is now my go-to spot.,False
209,5,Stopped by Harbor House Café for the first time. Great spot to work or catch up with friends. The staff were warm and attentive. Worth every penny. Already planning my next visit.,Stopped by Harbor House Café for the first time. Great spot to work or catch up with friends. The staff were warm and attentive. Worth every penny. Already planning my next visit.,False
210,5,The coffee was rich and perfectly brewed. Service was fast and friendly. Worth every penny. Already planning my next visit.,The coffee was rich and perfectly brewed. Service was fast and friendly. Worth every penny. Already planning my next visit.,False
211,5,Regular customer at Harbor House Café here. They went out of their way to accommodate my allergy. The pastries were incredible. This is now my go-to spot.,Regular customer at Harbor House Café here. They went out of their way to accommodate my allergy. The pastries were incredible. This is now my go-to spot.,False
212,5,"Regular customer at Harbor House Café here. The place has such a cozy, welcoming vibe. The team clearly cares about the customers. This is now my go-to spot.","Regular customer at Harbor House Café here. The place has such a cozy, welcoming vibe. The team clearly cares about the customers. This is now my go-to spot.",False
213,5,Grabbed a quick coffee at Harbor House Café this morning. Great spot to work or catch up with friends. The staff were warm and attentive. Great value for what you get. Already planning my next visit.,Grabbed a quick coffee at Harbor House Café this morning. Great spot to work or catch up with friends. The staff were warm and attentive. Great value for what you get. Already planning my next visit.,False
214,5,Stopped by Harbor House Café for the first time. They went out of their way to accommodate my allergy. Best brunch i've had in months. Worth every penny. This is now my go-to spot.,Stopped by Harbor House Café for the first time. They went out of their way to accommodate my allergy. Best brunch i've had in months. Worth every penny. This is now my go-to spot.,False
215,3,"Came to Harbor House Café for a birthday brunch. Average sandwiches, nothing to write home about. Nobody checked on us the entire meal. Wouldn't go out of my way, but wouldn't avoid it either.","Came to Harbor House Café for a birthday brunch. Average sandwiches, nothing to write home about. Nobody checked on us the entire meal. Wouldn't go out of my way, but wouldn't avoid it either.",False
216,5,Stopped by Harbor House Café for the first time. The team clearly cares about the customers. The sourdough bread alone is worth the visit. This is now my go-to spot.,Stopped by Harbor House Café for the first time. The team clearly cares about the customers. The sourdough bread alone is worth the visit. This is now my go-to spot.,False
217,5,Stopped by Harbor House Café for the first time. They went out of their way to accommodate my allergy. The music and decor set the perfect mood. Reasonably priced for the quality. Five stars without hesitation.,Stopped by Harbor House Café for the first time. They went out of their way to accommodate my allergy. The music and decor set the perfect mood. Reasonably priced for the quality. Five stars without hesitation.,False
218,2,Regular customer at Harbor House Café here. The pastry was stale. We waited 25 minutes just to get water. Disappointing experience overall.,Regular customer at Harbor House Café here. The pastry was stale. We waited 25 minutes just to get water. Disappointing experience overall.,False
219,5,"Visited Harbor House Café last weekend. The staff were warm and attentive. The place has such a cozy, welcoming vibe. Great value for what you get. Will definitely be back!","Visited Harbor House Café last weekend. The staff were warm and attentive. The place has such a cozy, welcoming vibe. Great value for what you get. Will definitely be back!",False
220,5,Visited Harbor House Café last weekend. They went out of their way to accommodate my allergy. Great spot to work or catch up with friends. This is now my go-to spot.,Visited Harbor House Café last weekend. They went out of their way to accommodate my allergy. Great spot to work or catch up with friends. This is now my go-to spot.,False
221,5,Came to Harbor House Café for a birthday brunch. Loved the natural light and the plants everywhere. The pastries were incredible. Worth every penny. Highly recommend to anyone in the area.,Came to Harbor House Café for a birthday brunch. Loved the natural light and the plants everywhere. The pastries were incredible. Worth every penny. Highly recommend to anyone in the area.,False
222,4,"The food was absolutely delicious. Average service, no complaints, but overall a solid experience. It's fine for a quick stop.","The food was absolutely delicious. Average service, no complaints, but overall a solid experience. It's fine for a quick stop.",False
223,1,Came to Harbor House Café for a birthday brunch. The pastry was stale. The cashier was rude when i asked about the menu. Tables were sticky and the floor hadn't been swept. Probably won't recommend it to friends.,Came to Harbor House Café for a birthday brunch. The pastry was stale. The cashier was rude when i asked about the menu. Tables were sticky and the floor hadn't been swept. Probably won't recommend it to friends.,False
224,4,"Best brunch i've had in months. The staff were polite but a bit slow, but overall a solid experience. Might give it another shot.","Best brunch i've had in months. The staff were polite but a bit slow, but overall a solid experience. Might give it another shot.",False
225,5,"Stopped by Harbor House Café for the first time. The place has such a cozy, welcoming vibe. The staff were warm and attentive. This is now my go-to spot.","Stopped by Harbor House Café for the first time. The place has such a cozy, welcoming vibe. The staff were warm and attentive. This is now my go-to spot.",False
226,5,"The place has such a cozy, welcoming vibe. Our server remembered our names by the second visit. Reasonably priced for the quality. Five stars without hesitation.","The place has such a cozy, welcoming vibe. Our server remembered our names by the second visit. Reasonably priced for the quality. Five stars without hesitation.",False
227,5,The music and decor set the perfect mood. The staff were warm and attentive. Already planning my next visit.,The music and decor set the perfect mood. The staff were warm and attentive. Already planning my next visit.,False
228,5,Stopped by Harbor House Café for the first time. Service was fast and friendly. The music and decor set the perfect mood. Already planning my next visit.,Stopped by Harbor House Café for the first time. Service was fast and friendly. The music and decor set the perfect mood. Already planning my next visit.,False
229,5,Grabbed a quick coffee at Harbor House Café this morning. They went out of their way to accommodate my allergy. Loved the natural light and the plants everywhere. Five stars without hesitation.,Grabbed a quick coffee at Harbor House Café this morning. They went out of their way to accommodate my allergy. Loved the natural light and the plants everywhere. Five stars without hesitation.,False
230,2,Grabbed a quick coffee at Harbor House Café this morning. The menu is fine but a bit repetitive. The staff were polite but a bit slow. Just didn't love it enough to come back.,Grabbed a quick coffee at Harbor House Café this morning. The menu is fine but a bit repetitive. The staff were polite but a bit slow. Just didn't love it enough to come back.,False
231,5,They went out of their way to accommodate my allergy. The seasonal menu never disappoints. Great value for what you get. This is now my go-to spot.,They went out of their way to accommodate my allergy. The seasonal menu never disappoints. Great value for what you get. This is now my go-to spot.,False
232,5,Regular customer at Harbor House Café here. Every dish was bursting with flavor. The team clearly cares about the customers. Great value for what you get. Will definitely be back!,Regular customer at Harbor House Café here. Every dish was bursting with flavor. The team clearly cares about the customers. Great value for what you get. Will definitely be back!,False
233,3,Stopped by Harbor House Café for the first time. The coffee was okay. The staff were polite but a bit slow. Might give it another shot.,Stopped by Harbor House Café for the first time. The coffee was okay. The staff were polite but a bit slow. Might give it another shot.,False
234,5,Visited Harbor House Café last weekend. The coffee was rich and perfectly brewed. The music and decor set the perfect mood. Worth every penny. Will definitely be back!,Visited Harbor House Café last weekend. The coffee was rich and perfectly brewed. The music and decor set the perfect mood. Worth every penny. Will definitely be back!,False
235,4,"Came to Harbor House Café for a birthday brunch. The pastries were incredible. The staff were polite but a bit slow, but overall a solid experience. Will definitely be back!","Came to Harbor House Café for a birthday brunch. The pastries were incredible. The staff were polite but a bit slow, but overall a solid experience. Will definitely be back!",False
236,5,Came to Harbor House Café for a birthday brunch. Our server remembered our names by the second visit. Great spot to work or catch up with friends. Reasonably priced for the quality. Highly recommend to anyone in the area.,Came to Harbor House Café for a birthday brunch. Our server remembered our names by the second visit. Great spot to work or catch up with friends. Reasonably priced for the quality. Highly recommend to anyone in the area.,False
237,5,Visited Harbor House Café last weekend. The coffee was rich and perfectly brewed. The music and decor set the perfect mood. Worth every penny. Five stars without hesitation.,Visited Harbor House Café last weekend. The coffee was rich and perfectly brewed. The music and decor set the perfect mood. Worth every penny. Five stars without hesitation.,False
238,5,Service was fast and friendly. The pastries were incredible. Reasonably priced for the quality. Will definitely be back!,Service was fast and friendly. The pastries were incredible. Reasonably priced for the quality. Will definitely be back!,False
239,3,Came to Harbor House Café for a birthday brunch. The menu is fine but a bit repetitive. The staff were polite but a bit slow. It's fine for a quick stop.,Came to Harbor House Café for a birthday brunch. The menu is fine but a bit repetitive. The staff were polite but a bit slow. It's fine for a quick stop.,False
240,5,Tried Harbor House Café after seeing it recommended online. Great spot to work or catch up with friends. Best brunch i've had in months. Worth every penny. This is now my go-to spot.,Tried Harbor House Café after seeing it recommended online. Great spot to work or catch up with friends. Best brunch i've had in months. Worth every penny. This is now my go-to spot.,False
241,5,Visited Harbor House Café last weekend. Service was fast and friendly. The music and decor set the perfect mood. Already planning my next visit.,Visited Harbor House Café last weekend. Service was fast and friendly. The music and decor set the perfect mood. Already planning my next visit.,False
242,4,"Stopped by Harbor House Café for the first time. Best brunch i've had in months. The staff seemed annoyed to be there, but overall a solid experience. Already planning my next visit.","Stopped by Harbor House Café for the first time. Best brunch i've had in months. The staff seemed annoyed to be there, but overall a solid experience. Already planning my next visit.",False
243,2,Stopped by Harbor House Café for the first time. The pastry was stale. Nobody checked on us the entire meal. Not sure I'll be returning.,Stopped by Harbor House Café for the first time. The pastry was stale. Nobody checked on us the entire meal. Not sure I'll be returning.,False
244,5,The staff were warm and attentive. The sourdough bread alone is worth the visit. Great value for what you get. Already planning my next visit.,The staff were warm and attentive. The sourdough bread alone is worth the visit. Great value for what you get. Already planning my next visit.,False
245,5,Stopped by Harbor House Café for the first time. The seasonal menu never disappoints. Our server remembered our names by the second visit. This is now my go-to spot.,Stopped by Harbor House Café for the first time. The seasonal menu never disappoints. Our server remembered our names by the second visit. This is now my go-to spot.,False
246,5,Regular customer at Harbor House Café here. Great spot to work or catch up with friends. The seasonal menu never disappoints. Highly recommend to anyone in the area.,Regular customer at Harbor House Café here. Great spot to work or catch up with friends. The seasonal menu never disappoints. Highly recommend to anyone in the area.,False
247,4,"Came to Harbor House Café for a birthday brunch. Every dish was bursting with flavor. Service was fine, nothing memorable, but overall a solid experience. Highly recommend to anyone in the area.","Came to Harbor House Café for a birthday brunch. Every dish was bursting with flavor. Service was fine, nothing memorable, but overall a solid experience. Highly recommend to anyone in the area.",False
248,5,Stopped by Harbor House Café for the first time. The sourdough bread alone is worth the visit. The team clearly cares about the customers. Great value for what you get. Highly recommend to anyone in the area.,Stopped by Harbor House Café for the first time. The sourdough bread alone is worth the visit. The team clearly cares about the customers. Great value for what you get. Highly recommend to anyone in the area.,False
249,5,Came to Harbor House Café for a birthday brunch. Best brunch i've had in months. Our server remembered our names by the second visit. Reasonably priced for the quality. This is now my go-to spot.,Came to Harbor House Café for a birthday brunch. Best brunch i've had in months. Our server remembered our names by the second visit. Reasonably priced for the quality. This is now my go-to spot.,False
250,5,"Regular customer at Harbor House Café here. Fresh ingredients you can really taste. We waited 25 minutes just to get water, but honestly the food made up for it. Highly recommend to anyone in the area.","Regular customer at Harbor House Café here. Fresh ingredients you can really taste. We waited 25 minutes just to get water, but honestly the food made up for it. Highly recommend to anyone in the area.",False
251,5,Tried Harbor House Café after seeing it recommended online. Loved the natural light and the plants everywhere. Our server remembered our names by the second visit. Worth every penny. Already planning my next visit.,Tried Harbor House Café after seeing it recommended online. Loved the natural light and the plants everywhere. Our server remembered our names by the second visit. Worth every penny. Already planning my next visit.,False
252,5,Visited Harbor House Café last weekend. The pastries were incredible. The music and decor set the perfect mood. Five stars without hesitation.,Visited Harbor House Café last weekend. The pastries were incredible. The music and decor set the perfect mood. Five stars without hesitation.,False
253,4,"Stopped by Harbor House Café for the first time. Every dish was bursting with flavor. Average service, no complaints, but overall a solid experience. This is now my go-to spot.","Stopped by Harbor House Café for the first time. Every dish was bursting with flavor. Average service, no complaints, but overall a solid experience. This is now my go-to spot.",False
254,5,Stopped by Harbor House Café for the first time. They went out of their way to accommodate my allergy. Great spot to work or catch up with friends. Will definitely be back!,Stopped by Harbor House Café for the first time. They went out of their way to accommodate my allergy. Great spot to work or catch up with friends. Will definitely be back!,False
255,4,"Grabbed a quick coffee at Harbor House Café this morning. The seasonal menu never disappoints. Average service, no complaints, but overall a solid experience. Will definitely be back!","Grabbed a quick coffee at Harbor House Café this morning. The seasonal menu never disappoints. Average service, no complaints, but overall a solid experience. Will definitely be back!",False
256,5,Tried Harbor House Café after seeing it recommended online. The pastries were incredible. Great spot to work or catch up with friends. Worth every penny. This is now my go-to spot.,Tried Harbor House Café after seeing it recommended online. The pastries were incredible. Great spot to work or catch up with friends. Worth every penny. This is now my go-to spot.,False
257,5,"Came to Harbor House Café for a birthday brunch. Our server remembered our names by the second visit. The place has such a cozy, welcoming vibe. Already planning my next visit.","Came to Harbor House Café for a birthday brunch. Our server remembered our names by the second visit. The place has such a cozy, welcoming vibe. Already planning my next visit.",False
258,5,Grabbed a quick coffee at Harbor House Café this morning. The pastries were incredible. The staff were warm and attentive. Reasonably priced for the quality. This is now my go-to spot.,Grabbed a quick coffee at Harbor House Café this morning. The pastries were incredible. The staff were warm and attentive. Reasonably priced for the quality. This is now my go-to spot.,False
259,5,"Came to Harbor House Café for a birthday brunch. The sourdough bread alone is worth the visit. The cashier was rude when i asked about the menu, but honestly the food made up for it. Highly recommend to anyone in the area.","Came to Harbor House Café for a birthday brunch. The sourdough bread alone is worth the visit. The cashier was rude when i asked about the menu, but honestly the food made up for it. Highly recommend to anyone in the area.",False
260,5,Regular customer at Harbor House Café here. The team clearly cares about the customers. The music and decor set the perfect mood. Five stars without hesitation.,Regular customer at Harbor House Café here. The team clearly cares about the customers. The music and decor set the perfect mood. Five stars without hesitation.,False
261,5,"The coffee was rich and perfectly brewed. Our server got our order wrong twice, but honestly the food made up for it. Will definitely be back!","The coffee was rich and perfectly brewed. Our server got our order wrong twice, but honestly the food made up for it. Will definitely be back!",False
262,5,The coffee was rich and perfectly brewed. Great spot to work or catch up with friends. Five stars without hesitation.,The coffee was rich and perfectly brewed. Great spot to work or catch up with friends. Five stars without hesitation.,False
263,5,Grabbed a quick coffee at Harbor House Café this morning. The team clearly cares about the customers. The music and decor set the perfect mood. Great value for what you get. Will definitely be back!,Grabbed a quick coffee at Harbor House Café this morning. The team clearly cares about the customers. The music and decor set the perfect mood. Great value for what you get. Will definitely be back!,False
264,5,Grabbed a quick coffee at Harbor House Café this morning. Loved the natural light and the plants everywhere. The pastries were incredible. Highly recommend to anyone in the area.,Grabbed a quick coffee at Harbor House Café this morning. Loved the natural light and the plants everywhere. The pastries were incredible. Highly recommend to anyone in the area.,False
265,5,Best brunch i've had in months. The team clearly cares about the customers. Five stars without hesitation.,Best brunch i've had in months. The team clearly cares about the customers. Five stars without hesitation.,False
266,5,"Grabbed a quick coffee at Harbor House Café this morning. The place has such a cozy, welcoming vibe. Our server remembered our names by the second visit. Reasonably priced for the quality. Already planning my next visit.","Grabbed a quick coffee at Harbor House Café this morning. The place has such a cozy, welcoming vibe. Our server remembered our names by the second visit. Reasonably priced for the quality. Already planning my next visit.",False
267,5,Regular customer at Harbor House Café here. The team clearly cares about the customers. Every dish was bursting with flavor. Worth every penny. Will definitely be back!,Regular customer at Harbor House Café here. The team clearly cares about the customers. Every dish was bursting with flavor. Worth every penny. Will definitely be back!,False
268,5,Stopped by Harbor House Café for the first time. The food was absolutely delicious. The team clearly cares about the customers. Five stars without hesitation.,Stopped by Harbor House Café for the first time. The food was absolutely delicious. The team clearly cares about the customers. Five stars without hesitation.,False
269,4,"Tried Harbor House Café after seeing it recommended online. Best brunch i've had in months. Service was fine, nothing memorable, but overall a solid experience. Highly recommend to anyone in the area.","Tried Harbor House Café after seeing it recommended online. Best brunch i've had in months. Service was fine, nothing memorable, but overall a solid experience. Highly recommend to anyone in the area.",False
270,5,Stopped by Harbor House Café for the first time. Our server remembered our names by the second visit. Every dish was bursting with flavor. Great value for what you get. Will definitely be back!,Stopped by Harbor House Café for the first time. Our server remembered our names by the second visit. Every dish was bursting with flavor. Great value for what you get. Will definitely be back!,False
271,5,Regular customer at Harbor House Café here. Service was fast and friendly. Great spot to work or catch up with friends. Will definitely be back!,Regular customer at Harbor House Café here. Service was fast and friendly. Great spot to work or catch up with friends. Will definitely be back!,False
272,5,Regular customer at Harbor House Café here. The sourdough bread alone is worth the visit. Service was fast and friendly. Will definitely be back!,Regular customer at Harbor House Café here. The sourdough bread alone is worth the visit. Service was fast and friendly. Will definitely be back!,False
273,4,Best brunch i've had in months. Our server remembered our names by the second visit. Five stars without hesitation.,Best brunch i've had in months. Our server remembered our names by the second visit. Five stars without hesitation.,False
274,5,"Stopped by Harbor House Café for the first time. Every dish was bursting with flavor. The place has such a cozy, welcoming vibe. Five stars without hesitation.","Stopped by Harbor House Café for the first time. Every dish was bursting with flavor. The place has such a cozy, welcoming vibe. Five stars without hesitation.",False
275,5,"Visited Harbor House Café last weekend. The place has such a cozy, welcoming vibe. The team clearly cares about the customers. Will definitely be back!","Visited Harbor House Café last weekend. The place has such a cozy, welcoming vibe. The team clearly cares about the customers. Will definitely be back!",False
276,5,Regular customer at Harbor House Café here. Our server remembered our names by the second visit. Loved the natural light and the plants everywhere. Highly recommend to anyone in the area.,Regular customer at Harbor House Café here. Our server remembered our names by the second visit. Loved the natural light and the plants everywhere. Highly recommend to anyone in the area.,False
277,4,"Regular customer at Harbor House Café here. The sourdough bread alone is worth the visit. Service was fine, nothing memorable, but overall a solid experience. Will definitely be back!","Regular customer at Harbor House Café here. The sourdough bread alone is worth the visit. Service was fine, nothing memorable, but overall a solid experience. Will definitely be back!",False
278,3,"Came to Harbor House Café for a birthday brunch. Average sandwiches, nothing to write home about. Service was fine, nothing memorable. Wouldn't go out of my way, but wouldn't avoid it either.","Came to Harbor House Café for a birthday brunch. Average sandwiches, nothing to write home about. Service was fine, nothing memorable. Wouldn't go out of my way, but wouldn't avoid it either.",False
279,5,Visited Harbor House Café last weekend. Great spot to work or catch up with friends. The team clearly cares about the customers. Highly recommend to anyone in the area.,Visited Harbor House Café last weekend. Great spot to work or catch up with friends. The team clearly cares about the customers. Highly recommend to anyone in the area.,False
280,5,Stopped by Harbor House Café for the first time. Our server remembered our names by the second visit. Great spot to work or catch up with friends. Reasonably priced for the quality. Highly recommend to anyone in the area.,Stopped by Harbor House Café for the first time. Our server remembered our names by the second visit. Great spot to work or catch up with friends. Reasonably priced for the quality. Highly recommend to anyone in the area.,False
281,5,Came to Harbor House Café for a birthday brunch. The food was absolutely delicious. The music and decor set the perfect mood. Highly recommend to anyone in the area.,Came to Harbor House Café for a birthday brunch. The food was absolutely delicious. The music and decor set the perfect mood. Highly recommend to anyone in the area.,False
282,5,Stopped by Harbor House Café for the first time. They went out of their way to accommodate my allergy. The food was absolutely delicious. Five stars without hesitation.,Stopped by Harbor House Café for the first time. They went out of their way to accommodate my allergy. The food was absolutely delicious. Five stars without hesitation.,False
283,4,"Stopped by Harbor House Café for the first time. The pastries were incredible. The staff were polite but a bit slow, but overall a solid experience. This is now my go-to spot.","Stopped by Harbor House Café for the first time. The pastries were incredible. The staff were polite but a bit slow, but overall a solid experience. This is now my go-to spot.",False
284,5,Grabbed a quick coffee at Harbor House Café this morning. The music and decor set the perfect mood. The food was absolutely delicious. Worth every penny. Already planning my next visit.,Grabbed a quick coffee at Harbor House Café this morning. The music and decor set the perfect mood. The food was absolutely delicious. Worth every penny. Already planning my next visit.,False
285,5,Came to Harbor House Café for a birthday brunch. Service was fast and friendly. The pastries were incredible. Highly recommend to anyone in the area.,Came to Harbor House Café for a birthday brunch. Service was fast and friendly. The pastries were incredible. Highly recommend to anyone in the area.,False
286,4,"Came to Harbor House Café for a birthday brunch. The coffee was rich and perfectly brewed. Service was fine, nothing memorable, but overall a solid experience. Wouldn't go out of my way, but wouldn't avoid it either.","Came to Harbor House Café for a birthday brunch. The coffee was rich and perfectly brewed. Service was fine, nothing memorable, but overall a solid experience. Wouldn't go out of my way, but wouldn't avoid it either.",False
287,5,Grabbed a quick coffee at Harbor House Café this morning. Best brunch i've had in months. The music and decor set the perfect mood. Five stars without hesitation.,Grabbed a quick coffee at Harbor House Café this morning. Best brunch i've had in months. The music and decor set the perfect mood. Five stars without hesitation.,False
288,5,Regular customer at Harbor House Café here. The music and decor set the perfect mood. The sourdough bread alone is worth the visit. This is now my go-to spot.,Regular customer at Harbor House Café here. The music and decor set the perfect mood. The sourdough bread alone is worth the visit. This is now my go-to spot.,False
289,5,Every dish was bursting with flavor. Our server remembered our names by the second visit. Worth every penny. Five stars without hesitation.,Every dish was bursting with flavor. Our server remembered our names by the second visit. Worth every penny. Five stars without hesitation.,False
290,5,Grabbed a quick coffee at Harbor House Café this morning. Best brunch i've had in months. They went out of their way to accommodate my allergy. Five stars without hesitation.,Grabbed a quick coffee at Harbor House Café this morning. Best brunch i've had in months. They went out of their way to accommodate my allergy. Five stars without hesitation.,False
291,5,"Visited Harbor House Café last weekend. Fresh ingredients you can really taste. Our server got our order wrong twice, but honestly the food made up for it. Already planning my next visit.","Visited Harbor House Café last weekend. Fresh ingredients you can really taste. Our server got our order wrong twice, but honestly the food made up for it. Already planning my next visit.",False
292,5,Grabbed a quick coffee at Harbor House Café this morning. The music and decor set the perfect mood. Our server remembered our names by the second visit. Already planning my next visit.,Grabbed a quick coffee at Harbor House Café this morning. The music and decor set the perfect mood. Our server remembered our names by the second visit. Already planning my next visit.,True
293,5,Came to Harbor House Café for a birthday brunch. The sourdough bread alone is worth the visit. Our server remembered our names by the second visit. Worth every penny. Already planning my next visit.,Came to Harbor House Café for a birthday brunch. The sourdough bread alone is worth the visit. Our server remembered our names by the second visit. Worth every penny. Already planning my next visit.,False
294,5,Tried Harbor House Café after seeing it recommended online. They went out of their way to accommodate my allergy. Fresh ingredients you can really taste. Worth every penny. Already planning my next visit.,Tried Harbor House Café after seeing it recommended online. They went out of their way to accommodate my allergy. Fresh ingredients you can really taste. Worth every penny. Already planning my next visit.,False
295,5,"The place has such a cozy, welcoming vibe. Our server remembered our names by the second visit. This is now my go-to spot.","The place has such a cozy, welcoming vibe. Our server remembered our names by the second visit. This is now my go-to spot.",False
296,5,"The place has such a cozy, welcoming vibe. Service was fast and friendly. This is now my go-to spot.","The place has such a cozy, welcoming vibe. Service was fast and friendly. This is now my go-to spot.",False
297,5,Fresh ingredients you can really taste. Loved the natural light and the plants everywhere. Highly recommend to anyone in the area.,Fresh ingredients you can really taste. Loved the natural light and the plants everywhere. Highly recommend to anyone in the area.,False
298,5,Stopped by Harbor House Café for the first time. Service was fast and friendly. Great spot to work or catch up with friends. This is now my go-to spot.,Stopped by Harbor House Café for the first time. Service was fast and friendly. Great spot to work or catch up with friends. This is now my go-to spot.,False
299,5,"Grabbed a quick coffee at Harbor House Café this morning. The place has such a cozy, welcoming vibe. The staff were warm and attentive. This is now my go-to spot.","Grabbed a quick coffee at Harbor House Café this morning. The place has such a cozy, welcoming vibe. The staff were warm and attentive. This is now my go-to spot.",False
300,5,Came to Harbor House Café for a birthday brunch. The music and decor set the perfect mood. The staff were warm and attentive. Worth every penny. This is now my go-to spot.,Came to Harbor House Café for a birthday brunch. The music and decor set the perfect mood. The staff were warm and attentive. Worth every penny. This is now my go-to spot.,False
301,5,Grabbed a quick coffee at Harbor House Café this morning. Loved the natural light and the plants everywhere. Our server remembered our names by the second visit. Great value for what you get. Five stars without hesitation.,Grabbed a quick coffee at Harbor House Café this morning. Loved the natural light and the plants everywhere. Our server remembered our names by the second visit. Great value for what you get. Five stars without hesitation.,False
302,5,Tried Harbor House Café after seeing it recommended online. Best brunch i've had in months. Loved the natural light and the plants everywhere. Already planning my next visit.,Tried Harbor House Café after seeing it recommended online. Best brunch i've had in months. Loved the natural light and the plants everywhere. Already planning my next visit.,False
303,5,Stopped by Harbor House Café for the first time. The pastries were incredible. Our server remembered our names by the second visit. Worth every penny. Already planning my next visit.,Stopped by Harbor House Café for the first time. The pastries were incredible. Our server remembered our names by the second visit. Worth every penny. Already planning my next visit.,False
304,5,Stopped by Harbor House Café for the first time. Service was fast and friendly. Loved the natural light and the plants everywhere. This is now my go-to spot.,Stopped by Harbor House Café for the first time. Service was fast and friendly. Loved the natural light and the plants everywhere. This is now my go-to spot.,False
305,5,Regular customer at Harbor House Café here. Great spot to work or catch up with friends. They went out of their way to accommodate my allergy. Will definitely be back!,Regular customer at Harbor House Café here. Great spot to work or catch up with friends. They went out of their way to accommodate my allergy. Will definitely be back!,False
306,5,The team clearly cares about the customers. The coffee was rich and perfectly brewed. Will definitely be back!,The team clearly cares about the customers. The coffee was rich and perfectly brewed. Will definitely be back!,False
307,5,"Stopped by Harbor House Café for the first time. The place has such a cozy, welcoming vibe. The sourdough bread alone is worth the visit. Great value for what you get. Five stars without hesitation.","Stopped by Harbor House Café for the first time. The place has such a cozy, welcoming vibe. The sourdough bread alone is worth the visit. Great value for what you get. Five stars without hesitation.",False
308,5,Came to Harbor House Café for a birthday brunch. They went out of their way to accommodate my allergy. The music and decor set the perfect mood. Worth every penny. Will definitely be back!,Came to Harbor House Café for a birthday brunch. They went out of their way to accommodate my allergy. The music and decor set the perfect mood. Worth every penny. Will definitely be back!,False
309,5,Came to Harbor House Café for a birthday brunch. The music and decor set the perfect mood. The team clearly cares about the customers. Worth every penny. Will definitely be back!,Came to Harbor House Café for a birthday brunch. The music and decor set the perfect mood. The team clearly cares about the customers. Worth every penny. Will definitely be back!,False
310,4,"Tried Harbor House Café after seeing it recommended online. The sourdough bread alone is worth the visit. The staff were polite but a bit slow, but overall a solid experience. It's fine for a quick stop.","Tried Harbor House Café after seeing it recommended online. The sourdough bread alone is worth the visit. The staff were polite but a bit slow, but overall a solid experience. It's fine for a quick stop.",False
311,3,"Tried Harbor House Café after seeing it recommended online. The food was decent, nothing special. Nobody checked on us the entire meal. Might give it another shot.","Tried Harbor House Café after seeing it recommended online. The food was decent, nothing special. Nobody checked on us the entire meal. Might give it another shot.",False
312,5,The music and decor set the perfect mood. The food was absolutely delicious. Worth every penny. Highly recommend to anyone in the area.,The music and decor set the perfect mood. The food was absolutely delicious. Worth every penny. Highly recommend to anyone in the area.,False
313,3,"Tried Harbor House Café after seeing it recommended online. Average sandwiches, nothing to write home about. The staff were polite but a bit slow. It's fine for a quick stop.","Tried Harbor House Café after seeing it recommended online. Average sandwiches, nothing to write home about. The staff were polite but a bit slow. It's fine for a quick stop.",True
314,1,Regular customer at Harbor House Café here. My eggs came out cold. Nobody checked on us the entire meal. Not sure I'll be returning.,Regular customer at Harbor House Café here. My eggs came out cold. Nobody checked on us the entire meal. Not sure I'll be returning.,False
315,5,Tried Harbor House Café after seeing it recommended online. The staff were warm and attentive. The coffee was rich and perfectly brewed. Will definitely be back!,Tried Harbor House Café after seeing it recommended online. The staff were warm and attentive. The coffee was rich and perfectly brewed. Will definitely be back!,False
316,4,"Every dish was bursting with flavor. Service was fine, nothing memorable, but overall a solid experience. Five stars without hesitation.","Every dish was bursting with flavor. Service was fine, nothing memorable, but overall a solid experience. Five stars without hesitation.",False
317,5,"Best brunch i've had in months. Nobody checked on us the entire meal, but honestly the food made up for it. This is now my go-to spot.","Best brunch i've had in months. Nobody checked on us the entire meal, but honestly the food made up for it. This is now my go-to spot.",False
318,5,The staff were warm and attentive. The coffee was rich and perfectly brewed. This is now my go-to spot.,The staff were warm and attentive. The coffee was rich and perfectly brewed. This is now my go-to spot.,False
319,5,Visited Harbor House Café last weekend. Our server remembered our names by the second visit. Great spot to work or catch up with friends. Reasonably priced for the quality. Highly recommend to anyone in the area.,Visited Harbor House Café last weekend. Our server remembered our names by the second visit. Great spot to work or catch up with friends. Reasonably priced for the quality. Highly recommend to anyone in the area.,False
320,4,"Tried Harbor House Café after seeing it recommended online. Fresh ingredients you can really taste. The staff seemed annoyed to be there, but overall a solid experience. It's fine for a quick stop.","Tried Harbor House Café after seeing it recommended online. Fresh ingredients you can really taste. The staff seemed annoyed to be there, but overall a solid experience. It's fine for a quick stop.",False
321,5,"Tried Harbor House Café after seeing it recommended online. Fresh ingredients you can really taste. We waited 25 minutes just to get water, but honestly the food made up for it. Highly recommend to anyone in the area.","Tried Harbor House Café after seeing it recommended online. Fresh ingredients you can really taste. We waited 25 minutes just to get water, but honestly the food made up for it. Highly recommend to anyone in the area.",False
322,5,"Every dish was bursting with flavor. The staff seemed annoyed to be there, but honestly the food made up for it. Will definitely be back!","Every dish was bursting with flavor. The staff seemed annoyed to be there, but honestly the food made up for it. Will definitely be back!",False
323,3,"Grabbed a quick coffee at Harbor House Café this morning. The food was decent, nothing special. Nobody checked on us the entire meal. It's fine for a quick stop.","Grabbed a quick coffee at Harbor House Café this morning. The food was decent, nothing special. Nobody checked on us the entire meal. It's fine for a quick stop.",False
324,4,"Came to Harbor House Café for a birthday brunch. The food was absolutely delicious. We waited 25 minutes just to get water, but overall a solid experience. It's fine for a quick stop.","Came to Harbor House Café for a birthday brunch. The food was absolutely delicious. We waited 25 minutes just to get water, but overall a solid experience. It's fine for a quick stop.",False
325,5,Came to Harbor House Café for a birthday brunch. Loved the natural light and the plants everywhere. The team clearly cares about the customers. Already planning my next visit.,Came to Harbor House Café for a birthday brunch. Loved the natural light and the plants everywhere. The team clearly cares about the customers. Already planning my next visit.,False
326,3,"Came to Harbor House Café for a birthday brunch. The menu is fine but a bit repetitive. Average service, no complaints. Wouldn't go out of my way, but wouldn't avoid it either.","Came to Harbor House Café for a birthday brunch. The menu is fine but a bit repetitive. Average service, no complaints. Wouldn't go out of my way, but wouldn't avoid it either.",False
327,5,Stopped by Harbor House Café for the first time. Service was fast and friendly. Great spot to work or catch up with friends. Reasonably priced for the quality. Will definitely be back!,Stopped by Harbor House Café for the first time. Service was fast and friendly. Great spot to work or catch up with friends. Reasonably priced for the quality. Will definitely be back!,False
328,4,"Regular customer at Harbor House Café here. Fresh ingredients you can really taste. We waited 25 minutes just to get water, but overall a solid experience. Will definitely be back!","Regular customer at Harbor House Café here. Fresh ingredients you can really taste. We waited 25 minutes just to get water, but overall a solid experience. Will definitely be back!",False
329,5,"The place has such a cozy, welcoming vibe. The coffee was rich and perfectly brewed. Already planning my next visit.","The place has such a cozy, welcoming vibe. The coffee was rich and perfectly brewed. Already planning my next visit.",False
330,4,"Tried Harbor House Café after seeing it recommended online. The seasonal menu never disappoints. Service was fine, nothing memorable, but overall a solid experience. It's fine for a quick stop.","Tried Harbor House Café after seeing it recommended online. The seasonal menu never disappoints. Service was fine, nothing memorable, but overall a solid experience. It's fine for a quick stop.",False
331,5,Regular customer at Harbor House Café here. The music and decor set the perfect mood. The food was absolutely delicious. Worth every penny. Five stars without hesitation.,Regular customer at Harbor House Café here. The music and decor set the perfect mood. The food was absolutely delicious. Worth every penny. Five stars without hesitation.,False
332,5,Stopped by Harbor House Café for the first time. They went out of their way to accommodate my allergy. The coffee was rich and perfectly brewed. Already planning my next visit.,Stopped by Harbor House Café for the first time. They went out of their way to accommodate my allergy. The coffee was rich and perfectly brewed. Already planning my next visit.,False
333,4,"Came to Harbor House Café for a birthday brunch. Best brunch i've had in months. Average service, no complaints, but overall a solid experience. Wouldn't go out of my way, but wouldn't avoid it either.","Came to Harbor House Café for a birthday brunch. Best brunch i've had in months. Average service, no complaints, but overall a solid experience. Wouldn't go out of my way, but wouldn't avoid it either.",False
334,5,Regular customer at Harbor House Café here. The coffee was rich and perfectly brewed. Our server remembered our names by the second visit. Highly recommend to anyone in the area.,Regular customer at Harbor House Café here. The coffee was rich and perfectly brewed. Our server remembered our names by the second visit. Highly recommend to anyone in the area.,False
335,5,"Tried Harbor House Café after seeing it recommended online. The place has such a cozy, welcoming vibe. The staff were warm and attentive. Worth every penny. Will definitely be back!","Tried Harbor House Café after seeing it recommended online. The place has such a cozy, welcoming vibe. The staff were warm and attentive. Worth every penny. Will definitely be back!",False
336,4,Regular customer at Harbor House Café here. Best brunch i've had in months. The staff were warm and attentive. Already planning my next visit.,Regular customer at Harbor House Café here. Best brunch i've had in months. The staff were warm and attentive. Already planning my next visit.,False
337,5,Regular customer at Harbor House Café here. Our server remembered our names by the second visit. Great spot to work or catch up with friends. This is now my go-to spot.,Regular customer at Harbor House Café here. Our server remembered our names by the second visit. Great spot to work or catch up with friends. This is now my go-to spot.,False
338,5,Tried Harbor House Café after seeing it recommended online. The music and decor set the perfect mood. Every dish was bursting with flavor. This is now my go-to spot.,Tried Harbor House Café after seeing it recommended online. The music and decor set the perfect mood. Every dish was bursting with flavor. This is now my go-to spot.,False
339,2,Regular customer at Harbor House Café here. The coffee tasted burnt. Nobody checked on us the entire meal. Disappointing experience overall.,Regular customer at Harbor House Café here. The coffee tasted burnt. Nobody checked on us the entire meal. Disappointing experience overall.,False
340,5,Grabbed a quick coffee at Harbor House Café this morning. Great spot to work or catch up with friends. The team clearly cares about the customers. Will definitely be back!,Grabbed a quick coffee at Harbor House Café this morning. Great spot to work or catch up with friends. The team clearly cares about the customers. Will definitely be back!,False
341,5,Visited Harbor House Café last weekend. Great spot to work or catch up with friends. The pastries were incredible. Reasonably priced for the quality. Already planning my next visit.,Visited Harbor House Café last weekend. Great spot to work or catch up with friends. The pastries were incredible. Reasonably priced for the quality. Already planning my next visit.,False
342,1,Regular customer at Harbor House Café here. The coffee tasted burnt. Nobody checked on us the entire meal. The place felt cramped and chaotic. Expected a lot more given the reviews.,Regular customer at Harbor House Café here. The coffee tasted burnt. Nobody checked on us the entire meal. The place felt cramped and chaotic. Expected a lot more given the reviews.,False
343,5,Tried Harbor House Café after seeing it recommended online. Our server remembered our names by the second visit. The sourdough bread alone is worth the visit. Worth every penny. Highly recommend to anyone in the area.,Tried Harbor House Café after seeing it recommended online. Our server remembered our names by the second visit. The sourdough bread alone is worth the visit. Worth every penny. Highly recommend to anyone in the area.,False
344,3,Came to Harbor House Café for a birthday brunch. The menu is fine but a bit repetitive. Our server got our order wrong twice. Might give it another shot.,Came to Harbor House Café for a birthday brunch. The menu is fine but a bit repetitive. Our server got our order wrong twice. Might give it another shot.,False
345,3,"Tried Harbor House Café after seeing it recommended online. Average sandwiches, nothing to write home about. The staff were polite but a bit slow. It's fine for a quick stop.","Tried Harbor House Café after seeing it recommended online. Average sandwiches, nothing to write home about. The staff were polite but a bit slow. It's fine for a quick stop.",True
346,5,Regular customer at Harbor House Café here. The team clearly cares about the customers. Great spot to work or catch up with friends. Great value for what you get. This is now my go-to spot.,Regular customer at Harbor House Café here. The team clearly cares about the customers. Great spot to work or catch up with friends. Great value for what you get. This is now my go-to spot.,False
347,5,Visited Harbor House Café last weekend. Service was fast and friendly. Best brunch i've had in months. Already planning my next visit.,Visited Harbor House Café last weekend. Service was fast and friendly. Best brunch i've had in months. Already planning my next visit.,False
348,5,Visited Harbor House Café last weekend. The pastries were incredible. The music and decor set the perfect mood. Great value for what you get. Five stars without hesitation.,Visited Harbor House Café last weekend. The pastries were incredible. The music and decor set the perfect mood. Great value for what you get. Five stars without hesitation.,False
349,5,Grabbed a quick coffee at Harbor House Café this morning. The team clearly cares about the customers. Loved the natural light and the plants everywhere. Great value for what you get. Highly recommend to anyone in the area.,Grabbed a quick coffee at Harbor House Café this morning. The team clearly cares about the customers. Loved the natural light and the plants everywhere. Great value for what you get. Highly recommend to anyone in the area.,False
350,4,"Grabbed a quick coffee at Harbor House Café this morning. Best brunch i've had in months. The staff seemed annoyed to be there, but overall a solid experience. Highly recommend to anyone in the area.","Grabbed a quick coffee at Harbor House Café this morning. Best brunch i've had in months. The staff seemed annoyed to be there, but overall a solid experience. Highly recommend to anyone in the area.",False
351,5,"Stopped by Harbor House Café for the first time. Service was fast and friendly. The place has such a cozy, welcoming vibe. Will definitely be back!","Stopped by Harbor House Café for the first time. Service was fast and friendly. The place has such a cozy, welcoming vibe. Will definitely be back!",False
352,5,They went out of their way to accommodate my allergy. The seasonal menu never disappoints. Great value for what you get. Five stars without hesitation.,They went out of their way to accommodate my allergy. The seasonal menu never disappoints. Great value for what you get. Five stars without hesitation.,False
353,5,Visited Harbor House Café last weekend. Our server remembered our names by the second visit. The music and decor set the perfect mood. Highly recommend to anyone in the area.,Visited Harbor House Café last weekend. Our server remembered our names by the second visit. The music and decor set the perfect mood. Highly recommend to anyone in the area.,False
354,5,Stopped by Harbor House Café for the first time. Loved the natural light and the plants everywhere. The staff were warm and attentive. Worth every penny. This is now my go-to spot.,Stopped by Harbor House Café for the first time. Loved the natural light and the plants everywhere. The staff were warm and attentive. Worth every penny. This is now my go-to spot.,False
355,4,"Grabbed a quick coffee at Harbor House Café this morning. Every dish was bursting with flavor. Service was fine, nothing memorable, but overall a solid experience. This is now my go-to spot.","Grabbed a quick coffee at Harbor House Café this morning. Every dish was bursting with flavor. Service was fine, nothing memorable, but overall a solid experience. This is now my go-to spot.",False
356,5,"Visited Harbor House Café last weekend. The place has such a cozy, welcoming vibe. They went out of their way to accommodate my allergy. Will definitely be back!","Visited Harbor House Café last weekend. The place has such a cozy, welcoming vibe. They went out of their way to accommodate my allergy. Will definitely be back!",False
357,5,Visited Harbor House Café last weekend. The sourdough bread alone is worth the visit. The music and decor set the perfect mood. Highly recommend to anyone in the area.,Visited Harbor House Café last weekend. The sourdough bread alone is worth the visit. The music and decor set the perfect mood. Highly recommend to anyone in the area.,False
358,5,Came to Harbor House Café for a birthday brunch. The music and decor set the perfect mood. The staff were warm and attentive. Reasonably priced for the quality. This is now my go-to spot.,Came to Harbor House Café for a birthday brunch. The music and decor set the perfect mood. The staff were warm and attentive. Reasonably priced for the quality. This is now my go-to spot.,False
359,3,"Tried Harbor House Café after seeing it recommended online. The food was decent, nothing special. Service was fine, nothing memorable. Might give it another shot.","Tried Harbor House Café after seeing it recommended online. The food was decent, nothing special. Service was fine, nothing memorable. Might give it another shot.",False
360,5,Visited Harbor House Café last weekend. The food was absolutely delicious. Loved the natural light and the plants everywhere. Will definitely be back!,Visited Harbor House Café last weekend. The food was absolutely delicious. Loved the natural light and the plants everywhere. Will definitely be back!,False
361,4,"Stopped by Harbor House Café for the first time. The seasonal menu never disappoints. Average service, no complaints, but overall a solid experience. This is now my go-to spot.","Stopped by Harbor House Café for the first time. The seasonal menu never disappoints. Average service, no complaints, but overall a solid experience. This is now my go-to spot.",False
362,3,"Stopped by Harbor House Café for the first time. The coffee was okay. Average service, no complaints. It's fine for a quick stop.","Stopped by Harbor House Café for the first time. The coffee was okay. Average service, no complaints. It's fine for a quick stop.",False
363,5,Regular customer at Harbor House Café here. The music and decor set the perfect mood. Our server remembered our names by the second visit. Five stars without hesitation.,Regular customer at Harbor House Café here. The music and decor set the perfect mood. Our server remembered our names by the second visit. Five stars without hesitation.,False
364,5,Regular customer at Harbor House Café here. Service was fast and friendly. The music and decor set the perfect mood. Five stars without hesitation.,Regular customer at Harbor House Café here. Service was fast and friendly. The music and decor set the perfect mood. Five stars without hesitation.,False
365,4,"Stopped by Harbor House Café for the first time. The pastries were incredible. The staff seemed annoyed to be there, but overall a solid experience. Five stars without hesitation.","Stopped by Harbor House Café for the first time. The pastries were incredible. The staff seemed annoyed to be there, but overall a solid experience. Five stars without hesitation.",False
366,5,Regular customer at Harbor House Café here. The coffee was rich and perfectly brewed. The team clearly cares about the customers. Great value for what you get. Already planning my next visit.,Regular customer at Harbor House Café here. The coffee was rich and perfectly brewed. The team clearly cares about the customers. Great value for what you get. Already planning my next visit.,False
367,5,Regular customer at Harbor House Café here. The staff were warm and attentive. The pastries were incredible. Worth every penny. Five stars without hesitation.,Regular customer at Harbor House Café here. The staff were warm and attentive. The pastries were incredible. Worth every penny. Five stars without hesitation.,False
368,5,The music and decor set the perfect mood. The food was absolutely delicious. Great value for what you get. Already planning my next visit.,The music and decor set the perfect mood. The food was absolutely delicious. Great value for what you get. Already planning my next visit.,False
369,4,"The food was absolutely delicious. The staff seemed annoyed to be there, but overall a solid experience. Highly recommend to anyone in the area.","The food was absolutely delicious. The staff seemed annoyed to be there, but overall a solid experience. Highly recommend to anyone in the area.",False
370,4,"Stopped by Harbor House Café for the first time. The sourdough bread alone is worth the visit. We waited 25 minutes just to get water, but overall a solid experience. Five stars without hesitation.","Stopped by Harbor House Café for the first time. The sourdough bread alone is worth the visit. We waited 25 minutes just to get water, but overall a solid experience. Five stars without hesitation.",False
371,5,Great spot to work or catch up with friends. Service was fast and friendly. Reasonably priced for the quality. Will definitely be back!,Great spot to work or catch up with friends. Service was fast and friendly. Reasonably priced for the quality. Will definitely be back!,False
372,5,Tried Harbor House Café after seeing it recommended online. The food was absolutely delicious. Service was fast and friendly. Highly recommend to anyone in the area.,Tried Harbor House Café after seeing it recommended online. The food was absolutely delicious. Service was fast and friendly. Highly recommend to anyone in the area.,False
373,5,Great spot to work or catch up with friends. The team clearly cares about the customers. Already planning my next visit.,Great spot to work or catch up with friends. The team clearly cares about the customers. Already planning my next visit.,False
374,5,The seasonal menu never disappoints. They went out of their way to accommodate my allergy. Reasonably priced for the quality. Highly recommend to anyone in the area.,The seasonal menu never disappoints. They went out of their way to accommodate my allergy. Reasonably priced for the quality. Highly recommend to anyone in the area.,False
375,5,"Grabbed a quick coffee at Harbor House Café this morning. Service was fast and friendly. The place has such a cozy, welcoming vibe. Reasonably priced for the quality. Already planning my next visit.","Grabbed a quick coffee at Harbor House Café this morning. Service was fast and friendly. The place has such a cozy, welcoming vibe. Reasonably priced for the quality. Already planning my next visit.",False
376,5,"Tried Harbor House Café after seeing it recommended online. The sourdough bread alone is worth the visit. We waited 25 minutes just to get water, but honestly the food made up for it. This is now my go-to spot.","Tried Harbor House Café after seeing it recommended online. The sourdough bread alone is worth the visit. We waited 25 minutes just to get water, but honestly the food made up for it. This is now my go-to spot.",False
377,3,"The menu is fine but a bit repetitive. Service was fine, nothing memorable. Might give it another shot.","The menu is fine but a bit repetitive. Service was fine, nothing memorable. Might give it another shot.",False
378,5,Visited Harbor House Café last weekend. Loved the natural light and the plants everywhere. The sourdough bread alone is worth the visit. Worth every penny. This is now my go-to spot.,Visited Harbor House Café last weekend. Loved the natural light and the plants everywhere. The sourdough bread alone is worth the visit. Worth every penny. This is now my go-to spot.,False
379,5,Our server remembered our names by the second visit. The sourdough bread alone is worth the visit. This is now my go-to spot.,Our server remembered our names by the second visit. The sourdough bread alone is worth the visit. This is now my go-to spot.,False
380,5,Grabbed a quick coffee at Harbor House Café this morning. The coffee was rich and perfectly brewed. The team clearly cares about the customers. Already planning my next visit.,Grabbed a quick coffee at Harbor House Café this morning. The coffee was rich and perfectly brewed. The team clearly cares about the customers. Already planning my next visit.,False
381,5,Came to Harbor House Café for a birthday brunch. The coffee was rich and perfectly brewed. Loved the natural light and the plants everywhere. Already planning my next visit.,Came to Harbor House Café for a birthday brunch. The coffee was rich and perfectly brewed. Loved the natural light and the plants everywhere. Already planning my next visit.,False
382,5,Tried Harbor House Café after seeing it recommended online. Great spot to work or catch up with friends. They went out of their way to accommodate my allergy. Worth every penny. This is now my go-to spot.,Tried Harbor House Café after seeing it recommended online. Great spot to work or catch up with friends. They went out of their way to accommodate my allergy. Worth every penny. This is now my go-to spot.,False
383,5,Service was fast and friendly. The pastries were incredible. Already planning my next visit.,Service was fast and friendly. The pastries were incredible. Already planning my next visit.,False
384,5,"Stopped by Harbor House Café for the first time. The place has such a cozy, welcoming vibe. Our server remembered our names by the second visit. Worth every penny. Already planning my next visit.","Stopped by Harbor House Café for the first time. The place has such a cozy, welcoming vibe. Our server remembered our names by the second visit. Worth every penny. Already planning my next visit.",False
385,4,"Regular customer at Harbor House Café here. The sourdough bread alone is worth the visit. We waited 25 minutes just to get water, but overall a solid experience. Will definitely be back!","Regular customer at Harbor House Café here. The sourdough bread alone is worth the visit. We waited 25 minutes just to get water, but overall a solid experience. Will definitely be back!",False
386,5,Came to Harbor House Café for a birthday brunch. The coffee was rich and perfectly brewed. Service was fast and friendly. Reasonably priced for the quality. Will definitely be back!,Came to Harbor House Café for a birthday brunch. The coffee was rich and perfectly brewed. Service was fast and friendly. Reasonably priced for the quality. Will definitely be back!,False
387,4,"Tried Harbor House Café after seeing it recommended online. The sourdough bread alone is worth the visit. The staff seemed annoyed to be there, but overall a solid experience. It's fine for a quick stop.","Tried Harbor House Café after seeing it recommended online. The sourdough bread alone is worth the visit. The staff seemed annoyed to be there, but overall a solid experience. It's fine for a quick stop.",False
388,5,Came to Harbor House Café for a birthday brunch. Loved the natural light and the plants everywhere. Every dish was bursting with flavor. Reasonably priced for the quality. Five stars without hesitation.,Came to Harbor House Café for a birthday brunch. Loved the natural light and the plants everywhere. Every dish was bursting with flavor. Reasonably priced for the quality. Five stars without hesitation.,False
389,5,Came to Harbor House Café for a birthday brunch. The pastries were incredible. Great spot to work or catch up with friends. Reasonably priced for the quality. This is now my go-to spot.,Came to Harbor House Café for a birthday brunch. The pastries were incredible. Great spot to work or catch up with friends. Reasonably priced for the quality. This is now my go-to spot.,False
390,5,Came to Harbor House Café for a birthday brunch. The coffee was rich and perfectly brewed. Great spot to work or catch up with friends. Great value for what you get. Highly recommend to anyone in the area.,Came to Harbor House Café for a birthday brunch. The coffee was rich and perfectly brewed. Great spot to work or catch up with friends. Great value for what you get. Highly recommend to anyone in the area.,False
391,4,"Grabbed a quick coffee at Harbor House Café this morning. The food was absolutely delicious. Average service, no complaints, but overall a solid experience. Will definitely be back!","Grabbed a quick coffee at Harbor House Café this morning. The food was absolutely delicious. Average service, no complaints, but overall a solid experience. Will definitely be back!",False
392,5,Stopped by Harbor House Café for the first time. Great spot to work or catch up with friends. Fresh ingredients you can really taste. Highly recommend to anyone in the area.,Stopped by Harbor House Café for the first time. Great spot to work or catch up with friends. Fresh ingredients you can really taste. Highly recommend to anyone in the area.,False
393,5,Regular customer at Harbor House Café here. The pastries were incredible. Great spot to work or catch up with friends. This is now my go-to spot.,Regular customer at Harbor House Café here. The pastries were incredible. Great spot to work or catch up with friends. This is now my go-to spot.,False
394,5,Visited Harbor House Café last weekend. Service was fast and friendly. The pastries were incredible. Reasonably priced for the quality. Highly recommend to anyone in the area.,Visited Harbor House Café last weekend. Service was fast and friendly. The pastries were incredible. Reasonably priced for the quality. Highly recommend to anyone in the area.,False
395,4,"The food was absolutely delicious. We waited 25 minutes just to get water, but overall a solid experience. Might give it another shot.","The food was absolutely delicious. We waited 25 minutes just to get water, but overall a solid experience. Might give it another shot.",False
396,4,"Tried Harbor House Café after seeing it recommended online. The coffee was rich and perfectly brewed. Service was fine, nothing memorable, but overall a solid experience. This is now my go-to spot.","Tried Harbor House Café after seeing it recommended online. The coffee was rich and perfectly brewed. Service was fine, nothing memorable, but overall a solid experience. This is now my go-to spot.",False
397,4,"Grabbed a quick coffee at Harbor House Café this morning. The sourdough bread alone is worth the visit. The staff seemed annoyed to be there, but overall a solid experience. Wouldn't go out of my way, but wouldn't avoid it either.","Grabbed a quick coffee at Harbor House Café this morning. The sourdough bread alone is worth the visit. The staff seemed annoyed to be there, but overall a solid experience. Wouldn't go out of my way, but wouldn't avoid it either.",False
398,5,Regular customer at Harbor House Café here. The music and decor set the perfect mood. The seasonal menu never disappoints. Reasonably priced for the quality. Highly recommend to anyone in the area.,Regular customer at Harbor House Café here. The music and decor set the perfect mood. The seasonal menu never disappoints. Reasonably priced for the quality. Highly recommend to anyone in the area.,False
399,5,"Regular customer at Harbor House Café here. The pastries were incredible. We waited 25 minutes just to get water, but honestly the food made up for it. Highly recommend to anyone in the area.","Regular customer at Harbor House Café here. The pastries were incredible. We waited 25 minutes just to get water, but honestly the food made up for it. Highly recommend to anyone in the area.",False
400,5,"Grabbed a quick coffee at Harbor House Café this morning. The sourdough bread alone is worth the visit. The staff seemed annoyed to be there, but honestly the food made up for it. Five stars without hesitation.","Grabbed a quick coffee at Harbor House Café this morning. The sourdough bread alone is worth the visit. The staff seemed annoyed to be there, but honestly the food made up for it. Five stars without hesitation.",False
401,5,"Stopped by Harbor House Café for the first time. Best brunch i've had in months. Nobody checked on us the entire meal, but honestly the food made up for it. Will definitely be back!","Stopped by Harbor House Café for the first time. Best brunch i've had in months. Nobody checked on us the entire meal, but honestly the food made up for it. Will definitely be back!",False
402,5,Regular customer at Harbor House Café here. The pastries were incredible. Service was fast and friendly. Great value for what you get. Highly recommend to anyone in the area.,Regular customer at Harbor House Café here. The pastries were incredible. Service was fast and friendly. Great value for what you get. Highly recommend to anyone in the area.,False
403,5,Visited Harbor House Café last weekend. Our server remembered our names by the second visit. Loved the natural light and the plants everywhere. Will definitely be back!,Visited Harbor House Café last weekend. Our server remembered our names by the second visit. Loved the natural light and the plants everywhere. Will definitely be back!,False
404,5,Grabbed a quick coffee at Harbor House Café this morning. Loved the natural light and the plants everywhere. The sourdough bread alone is worth the visit. Five stars without hesitation.,Grabbed a quick coffee at Harbor House Café this morning. Loved the natural light and the plants everywhere. The sourdough bread alone is worth the visit. Five stars without hesitation.,False
405,4,"Tried Harbor House Café after seeing it recommended online. The food was absolutely delicious. The staff were polite but a bit slow, but overall a solid experience. Already planning my next visit.","Tried Harbor House Café after seeing it recommended online. The food was absolutely delicious. The staff were polite but a bit slow, but overall a solid experience. Already planning my next visit.",False
406,4,"Visited Harbor House Café last weekend. The seasonal menu never disappoints. The staff were polite but a bit slow, but overall a solid experience. Wouldn't go out of my way, but wouldn't avoid it either.","Visited Harbor House Café last weekend. The seasonal menu never disappoints. The staff were polite but a bit slow, but overall a solid experience. Wouldn't go out of my way, but wouldn't avoid it either.",False
407,3,"The food was decent, nothing special. Average service, no complaints. Might give it another shot.","The food was decent, nothing special. Average service, no complaints. Might give it another shot.",False
408,5,Came to Harbor House Café for a birthday brunch. Every dish was bursting with flavor. The team clearly cares about the customers. Five stars without hesitation.,Came to Harbor House Café for a birthday brunch. Every dish was bursting with flavor. The team clearly cares about the customers. Five stars without hesitation.,False
409,5,Tried Harbor House Café after seeing it recommended online. Every dish was bursting with flavor. Service was fast and friendly. Already planning my next visit.,Tried Harbor House Café after seeing it recommended online. Every dish was bursting with flavor. Service was fast and friendly. Already planning my next visit.,False
410,5,Grabbed a quick coffee at Harbor House Café this morning. The music and decor set the perfect mood. Our server remembered our names by the second visit. Highly recommend to anyone in the area.,Grabbed a quick coffee at Harbor House Café this morning. The music and decor set the perfect mood. Our server remembered our names by the second visit. Highly recommend to anyone in the area.,False
411,5,"Stopped by Harbor House Café for the first time. Best brunch i've had in months. The place has such a cozy, welcoming vibe. Great value for what you get. Five stars without hesitation.","Stopped by Harbor House Café for the first time. Best brunch i've had in months. The place has such a cozy, welcoming vibe. Great value for what you get. Five stars without hesitation.",False
412,4,"Came to Harbor House Café for a birthday brunch. The coffee was rich and perfectly brewed. We waited 25 minutes just to get water, but overall a solid experience. It's fine for a quick stop.","Came to Harbor House Café for a birthday brunch. The coffee was rich and perfectly brewed. We waited 25 minutes just to get water, but overall a solid experience. It's fine for a quick stop.",False
413,5,Regular customer at Harbor House Café here. The music and decor set the perfect mood. Our server remembered our names by the second visit. Great value for what you get. Five stars without hesitation.,Regular customer at Harbor House Café here. The music and decor set the perfect mood. Our server remembered our names by the second visit. Great value for what you get. Five stars without hesitation.,False
414,5,Came to Harbor House Café for a birthday brunch. Service was fast and friendly. The music and decor set the perfect mood. This is now my go-to spot.,Came to Harbor House Café for a birthday brunch. Service was fast and friendly. The music and decor set the perfect mood. This is now my go-to spot.,False
415,5,Came to Harbor House Café for a birthday brunch. They went out of their way to accommodate my allergy. Great spot to work or catch up with friends. This is now my go-to spot.,Came to Harbor House Café for a birthday brunch. They went out of their way to accommodate my allergy. Great spot to work or catch up with friends. This is now my go-to spot.,False
416,3,The coffee was okay. The staff were polite but a bit slow. It's fine for a quick stop.,The coffee was okay. The staff were polite but a bit slow. It's fine for a quick stop.,False
417,5,Came to Harbor House Café for a birthday brunch. They went out of their way to accommodate my allergy. The music and decor set the perfect mood. Already planning my next visit.,Came to Harbor House Café for a birthday brunch. They went out of their way to accommodate my allergy. The music and decor set the perfect mood. Already planning my next visit.,False
418,5,Great spot to work or catch up with friends. Fresh ingredients you can really taste. Great value for what you get. Highly recommend to anyone in the area.,Great spot to work or catch up with friends. Fresh ingredients you can really taste. Great value for what you get. Highly recommend to anyone in the area.,False
419,5,Tried Harbor House Café after seeing it recommended online. Fresh ingredients you can really taste. The music and decor set the perfect mood. Worth every penny. Will definitely be back!,Tried Harbor House Café after seeing it recommended online. Fresh ingredients you can really taste. The music and decor set the perfect mood. Worth every penny. Will definitely be back!,False
420,5,"Came to Harbor House Café for a birthday brunch. Fresh ingredients you can really taste. Our server got our order wrong twice, but honestly the food made up for it. Already planning my next visit.","Came to Harbor House Café for a birthday brunch. Fresh ingredients you can really taste. Our server got our order wrong twice, but honestly the food made up for it. Already planning my next visit.",False
421,3,"Grabbed a quick coffee at Harbor House Café this morning. Average sandwiches, nothing to write home about. Average service, no complaints. Might give it another shot.","Grabbed a quick coffee at Harbor House Café this morning. Average sandwiches, nothing to write home about. Average service, no complaints. Might give it another shot.",False
422,5,Stopped by Harbor House Café for the first time. The music and decor set the perfect mood. The pastries were incredible. Reasonably priced for the quality. This is now my go-to spot.,Stopped by Harbor House Café for the first time. The music and decor set the perfect mood. The pastries were incredible. Reasonably priced for the quality. This is now my go-to spot.,False
423,5,Visited Harbor House Café last weekend. Fresh ingredients you can really taste. They went out of their way to accommodate my allergy. Will definitely be back!,Visited Harbor House Café last weekend. Fresh ingredients you can really taste. They went out of their way to accommodate my allergy. Will definitely be back!,False
424,5,Regular customer at Harbor House Café here. Great spot to work or catch up with friends. Our server remembered our names by the second visit. This is now my go-to spot.,Regular customer at Harbor House Café here. Great spot to work or catch up with friends. Our server remembered our names by the second visit. This is now my go-to spot.,False
425,5,Visited Harbor House Café last weekend. Loved the natural light and the plants everywhere. Service was fast and friendly. Reasonably priced for the quality. Already planning my next visit.,Visited Harbor House Café last weekend. Loved the natural light and the plants everywhere. Service was fast and friendly. Reasonably priced for the quality. Already planning my next visit.,False
426,5,Grabbed a quick coffee at Harbor House Café this morning. The staff were warm and attentive. Great spot to work or catch up with friends. Five stars without hesitation.,Grabbed a quick coffee at Harbor House Café this morning. The staff were warm and attentive. Great spot to work or catch up with friends. Five stars without hesitation.,False
427,5,"Stopped by Harbor House Café for the first time. The food was absolutely delicious. The place has such a cozy, welcoming vibe. Reasonably priced for the quality. Five stars without hesitation.","Stopped by Harbor House Café for the first time. The food was absolutely delicious. The place has such a cozy, welcoming vibe. Reasonably priced for the quality. Five stars without hesitation.",False
428,1,Regular customer at Harbor House Café here. The coffee tasted burnt. The staff seemed annoyed to be there. It was way too loud to hold a conversation. Disappointing experience overall.,Regular customer at Harbor House Café here. The coffee tasted burnt. The staff seemed annoyed to be there. It was way too loud to hold a conversation. Disappointing experience overall.,False
429,5,Regular customer at Harbor House Café here. Loved the natural light and the plants everywhere. The food was absolutely delicious. This is now my go-to spot.,Regular customer at Harbor House Café here. Loved the natural light and the plants everywhere. The food was absolutely delicious. This is now my go-to spot.,False
430,5,"Visited Harbor House Café last weekend. The pastries were incredible. The place has such a cozy, welcoming vibe. This is now my go-to spot.","Visited Harbor House Café last weekend. The pastries were incredible. The place has such a cozy, welcoming vibe. This is now my go-to spot.",False
431,5,Tried Harbor House Café after seeing it recommended online. The sourdough bread alone is worth the visit. The team clearly cares about the customers. Worth every penny. Will definitely be back!,Tried Harbor House Café after seeing it recommended online. The sourdough bread alone is worth the visit. The team clearly cares about the customers. Worth every penny. Will definitely be back!,False
432,5,"Regular customer at Harbor House Café here. The sourdough bread alone is worth the visit. The place has such a cozy, welcoming vibe. Already planning my next visit.","Regular customer at Harbor House Café here. The sourdough bread alone is worth the visit. The place has such a cozy, welcoming vibe. Already planning my next visit.",False
433,5,Visited Harbor House Café last weekend. Great spot to work or catch up with friends. The food was absolutely delicious. Reasonably priced for the quality. This is now my go-to spot.,Visited Harbor House Café last weekend. Great spot to work or catch up with friends. The food was absolutely delicious. Reasonably priced for the quality. This is now my go-to spot.,False
434,4,"Grabbed a quick coffee at Harbor House Café this morning. The food was absolutely delicious. The staff were polite but a bit slow, but overall a solid experience. Will definitely be back!","Grabbed a quick coffee at Harbor House Café this morning. The food was absolutely delicious. The staff were polite but a bit slow, but overall a solid experience. Will definitely be back!",False
435,4,"Regular customer at Harbor House Café here. Best brunch i've had in months. Service was fine, nothing memorable, but overall a solid experience. Five stars without hesitation.","Regular customer at Harbor House Café here. Best brunch i've had in months. Service was fine, nothing memorable, but overall a solid experience. Five stars without hesitation.",False
436,5,Best brunch i've had in months. The music and decor set the perfect mood. This is now my go-to spot.,Best brunch i've had in months. The music and decor set the perfect mood. This is now my go-to spot.,False
437,5,Grabbed a quick coffee at Harbor House Café this morning. Every dish was bursting with flavor. Great spot to work or catch up with friends. Worth every penny. Highly recommend to anyone in the area.,Grabbed a quick coffee at Harbor House Café this morning. Every dish was bursting with flavor. Great spot to work or catch up with friends. Worth every penny. Highly recommend to anyone in the area.,False
438,5,The staff were warm and attentive. Best brunch i've had in months. Highly recommend to anyone in the area.,The staff were warm and attentive. Best brunch i've had in months. Highly recommend to anyone in the area.,False
439,5,Regular customer at Harbor House Café here. Great spot to work or catch up with friends. The staff were warm and attentive. Five stars without hesitation.,Regular customer at Harbor House Café here. Great spot to work or catch up with friends. The staff were warm and attentive. Five stars without hesitation.,False
440,5,Regular customer at Harbor House Café here. Every dish was bursting with flavor. Our server remembered our names by the second visit. Reasonably priced for the quality. Already planning my next visit.,Regular customer at Harbor House Café here. Every dish was bursting with flavor. Our server remembered our names by the second visit. Reasonably priced for the quality. Already planning my next visit.,False
441,5,Grabbed a quick coffee at Harbor House Café this morning. Loved the natural light and the plants everywhere. The team clearly cares about the customers. Reasonably priced for the quality. Highly recommend to anyone in the area.,Grabbed a quick coffee at Harbor House Café this morning. Loved the natural light and the plants everywhere. The team clearly cares about the customers. Reasonably priced for the quality. Highly recommend to anyone in the area.,False
442,1,Visited Harbor House Café last weekend. The coffee tasted burnt. The cashier was rude when i asked about the menu. The place felt cramped and chaotic. Not sure I'll be returning.,Visited Harbor House Café last weekend. The coffee tasted burnt. The cashier was rude when i asked about the menu. The place felt cramped and chaotic. Not sure I'll be returning.,False
443,5,Visited Harbor House Café last weekend. The music and decor set the perfect mood. The staff were warm and attentive. Great value for what you get. Will definitely be back!,Visited Harbor House Café last weekend. The music and decor set the perfect mood. The staff were warm and attentive. Great value for what you get. Will definitely be back!,False
444,4,"Regular customer at Harbor House Café here. The food was absolutely delicious. Service was fine, nothing memorable, but overall a solid experience. Five stars without hesitation.","Regular customer at Harbor House Café here. The food was absolutely delicious. Service was fine, nothing memorable, but overall a solid experience. Five stars without hesitation.",False
445,5,Best brunch i've had in months. Loved the natural light and the plants everywhere. Reasonably priced for the quality. Highly recommend to anyone in the area.,Best brunch i've had in months. Loved the natural light and the plants everywhere. Reasonably priced for the quality. Highly recommend to anyone in the area.,False
446,5,Came to Harbor House Café for a birthday brunch. The staff were warm and attentive. The music and decor set the perfect mood. Worth every penny. Five stars without hesitation.,Came to Harbor House Café for a birthday brunch. The staff were warm and attentive. The music and decor set the perfect mood. Worth every penny. Five stars without hesitation.,False
447,4,"Visited Harbor House Café last weekend. The sourdough bread alone is worth the visit. The staff seemed annoyed to be there, but overall a solid experience. Wouldn't go out of my way, but wouldn't avoid it either.","Visited Harbor House Café last weekend. The sourdough bread alone is worth the visit. The staff seemed annoyed to be there, but overall a solid experience. Wouldn't go out of my way, but wouldn't avoid it either.",False
448,4,"Grabbed a quick coffee at Harbor House Café this morning. The seasonal menu never disappoints. The staff seemed annoyed to be there, but overall a solid experience. Already planning my next visit.","Grabbed a quick coffee at Harbor House Café this morning. The seasonal menu never disappoints. The staff seemed annoyed to be there, but overall a solid experience. Already planning my next visit.",False
449,5,"Tried Harbor House Café after seeing it recommended online. The place has such a cozy, welcoming vibe. Service was fast and friendly. This is now my go-to spot.","Tried Harbor House Café after seeing it recommended online. The place has such a cozy, welcoming vibe. Service was fast and friendly. This is now my go-to spot.",True
450,5,Tried Harbor House Café after seeing it recommended online. The sourdough bread alone is worth the visit. Great spot to work or catch up with friends. Will definitely be back!,Tried Harbor House Café after seeing it recommended online. The sourdough bread alone is worth the visit. Great spot to work or catch up with friends. Will definitely be back!,False
451,3,"Regular customer at Harbor House Café here. Average sandwiches, nothing to write home about. The staff were polite but a bit slow. Might give it another shot.","Regular customer at Harbor House Café here. Average sandwiches, nothing to write home about. The staff were polite but a bit slow. Might give it another shot.",True
452,5,Visited Harbor House Café last weekend. Service was fast and friendly. The coffee was rich and perfectly brewed. Will definitely be back!,Visited Harbor House Café last weekend. Service was fast and friendly. The coffee was rich and perfectly brewed. Will definitely be back!,False
453,5,Came to Harbor House Café for a birthday brunch. Fresh ingredients you can really taste. The team clearly cares about the customers. Reasonably priced for the quality. Already planning my next visit.,Came to Harbor House Café for a birthday brunch. Fresh ingredients you can really taste. The team clearly cares about the customers. Reasonably priced for the quality. Already planning my next visit.,False
454,5,"Came to Harbor House Café for a birthday brunch. The place has such a cozy, welcoming vibe. Service was fast and friendly. Great value for what you get. Will definitely be back!","Came to Harbor House Café for a birthday brunch. The place has such a cozy, welcoming vibe. Service was fast and friendly. Great value for what you get. Will definitely be back!",False
455,5,Our server remembered our names by the second visit. Fresh ingredients you can really taste. Highly recommend to anyone in the area.,Our server remembered our names by the second visit. Fresh ingredients you can really taste. Highly recommend to anyone in the area.,False
456,5,"Stopped by Harbor House Café for the first time. The place has such a cozy, welcoming vibe. The staff were warm and attentive. Five stars without hesitation.","Stopped by Harbor House Café for the first time. The place has such a cozy, welcoming vibe. The staff were warm and attentive. Five stars without hesitation.",False
457,5,Tried Harbor House Café after seeing it recommended online. The music and decor set the perfect mood. The seasonal menu never disappoints. Great value for what you get. Will definitely be back!,Tried Harbor House Café after seeing it recommended online. The music and decor set the perfect mood. The seasonal menu never disappoints. Great value for what you get. Will definitely be back!,False
458,5,"Grabbed a quick coffee at Harbor House Café this morning. The place has such a cozy, welcoming vibe. The seasonal menu never disappoints. Five stars without hesitation.","Grabbed a quick coffee at Harbor House Café this morning. The place has such a cozy, welcoming vibe. The seasonal menu never disappoints. Five stars without hesitation.",False
459,5,"Regular customer at Harbor House Café here. They went out of their way to accommodate my allergy. The place has such a cozy, welcoming vibe. Great value for what you get. This is now my go-to spot.","Regular customer at Harbor House Café here. They went out of their way to accommodate my allergy. The place has such a cozy, welcoming vibe. Great value for what you get. This is now my go-to spot.",False
460,5,Regular customer at Harbor House Café here. The coffee was rich and perfectly brewed. The staff were warm and attentive. Worth every penny. This is now my go-to spot.,Regular customer at Harbor House Café here. The coffee was rich and perfectly brewed. The staff were warm and attentive. Worth every penny. This is now my go-to spot.,False
461,5,"Visited Harbor House Café last weekend. Fresh ingredients you can really taste. We waited 25 minutes just to get water, but honestly the food made up for it. Highly recommend to anyone in the area.","Visited Harbor House Café last weekend. Fresh ingredients you can really taste. We waited 25 minutes just to get water, but honestly the food made up for it. Highly recommend to anyone in the area.",False
462,5,Tried Harbor House Café after seeing it recommended online. The team clearly cares about the customers. Every dish was bursting with flavor. Already planning my next visit.,Tried Harbor House Café after seeing it recommended online. The team clearly cares about the customers. Every dish was bursting with flavor. Already planning my next visit.,False
463,5,Tried Harbor House Café after seeing it recommended online. Great spot to work or catch up with friends. The pastries were incredible. This is now my go-to spot.,Tried Harbor House Café after seeing it recommended online. Great spot to work or catch up with friends. The pastries were incredible. This is now my go-to spot.,False
464,4,"Regular customer at Harbor House Café here. Every dish was bursting with flavor. Service was fine, nothing memorable, but overall a solid experience. Already planning my next visit.","Regular customer at Harbor House Café here. Every dish was bursting with flavor. Service was fine, nothing memorable, but overall a solid experience. Already planning my next visit.",False
465,1,Regular customer at Harbor House Café here. The food was bland and overpriced. Our server got our order wrong twice. The place felt cramped and chaotic. Disappointing experience overall.,Regular customer at Harbor House Café here. The food was bland and overpriced. Our server got our order wrong twice. The place felt cramped and chaotic. Disappointing experience overall.,False
466,5,Tried Harbor House Café after seeing it recommended online. The team clearly cares about the customers. The music and decor set the perfect mood. Great value for what you get. Five stars without hesitation.,Tried Harbor House Café after seeing it recommended online. The team clearly cares about the customers. The music and decor set the perfect mood. Great value for what you get. Five stars without hesitation.,False
467,4,"Tried Harbor House Café after seeing it recommended online. Best brunch i've had in months. We waited 25 minutes just to get water, but overall a solid experience. Five stars without hesitation.","Tried Harbor House Café after seeing it recommended online. Best brunch i've had in months. We waited 25 minutes just to get water, but overall a solid experience. Five stars without hesitation.",False
468,5,Stopped by Harbor House Café for the first time. Service was fast and friendly. Great spot to work or catch up with friends. Will definitely be back!,Stopped by Harbor House Café for the first time. Service was fast and friendly. Great spot to work or catch up with friends. Will definitely be back!,False
469,5,Grabbed a quick coffee at Harbor House Café this morning. The music and decor set the perfect mood. The sourdough bread alone is worth the visit. Worth every penny. Five stars without hesitation.,Grabbed a quick coffee at Harbor House Café this morning. The music and decor set the perfect mood. The sourdough bread alone is worth the visit. Worth every penny. Five stars without hesitation.,False
470,5,Stopped by Harbor House Café for the first time. They went out of their way to accommodate my allergy. The music and decor set the perfect mood. Will definitely be back!,Stopped by Harbor House Café for the first time. They went out of their way to accommodate my allergy. The music and decor set the perfect mood. Will definitely be back!,False
471,5,Visited Harbor House Café last weekend. The food was absolutely delicious. Our server remembered our names by the second visit. Already planning my next visit.,Visited Harbor House Café last weekend. The food was absolutely delicious. Our server remembered our names by the second visit. Already planning my next visit.,False
472,3,"Regular customer at Harbor House Café here. The menu is fine but a bit repetitive. The staff were polite but a bit slow. Wouldn't go out of my way, but wouldn't avoid it either.","Regular customer at Harbor House Café here. The menu is fine but a bit repetitive. The staff were polite but a bit slow. Wouldn't go out of my way, but wouldn't avoid it either.",False
473,5,Tried Harbor House Café after seeing it recommended online. Fresh ingredients you can really taste. The team clearly cares about the customers. Worth every penny. Already planning my next visit.,Tried Harbor House Café after seeing it recommended online. Fresh ingredients you can really taste. The team clearly cares about the customers. Worth every penny. Already planning my next visit.,False
474,5,Stopped by Harbor House Café for the first time. Every dish was bursting with flavor. Service was fast and friendly. This is now my go-to spot.,Stopped by Harbor House Café for the first time. Every dish was bursting with flavor. Service was fast and friendly. This is now my go-to spot.,False
475,3,"Visited Harbor House Café last weekend. The food was decent, nothing special. Service was fine, nothing memorable. Wouldn't go out of my way, but wouldn't avoid it either.","Visited Harbor House Café last weekend. The food was decent, nothing special. Service was fine, nothing memorable. Wouldn't go out of my way, but wouldn't avoid it either.",False
476,5,Came to Harbor House Café for a birthday brunch. The food was absolutely delicious. The team clearly cares about the customers. Reasonably priced for the quality. Five stars without hesitation.,Came to Harbor House Café for a birthday brunch. The food was absolutely delicious. The team clearly cares about the customers. Reasonably priced for the quality. Five stars without hesitation.,False
477,5,"Tried Harbor House Café after seeing it recommended online. The coffee was rich and perfectly brewed. We waited 25 minutes just to get water, but honestly the food made up for it. Already planning my next visit.","Tried Harbor House Café after seeing it recommended online. The coffee was rich and perfectly brewed. We waited 25 minutes just to get water, but honestly the food made up for it. Already planning my next visit.",False
478,5,Stopped by Harbor House Café for the first time. The sourdough bread alone is worth the visit. Great spot to work or catch up with friends. This is now my go-to spot.,Stopped by Harbor House Café for the first time. The sourdough bread alone is worth the visit. Great spot to work or catch up with friends. This is now my go-to spot.,False
479,3,"Visited Harbor House Café last weekend. Average sandwiches, nothing to write home about. The staff were polite but a bit slow. Wouldn't go out of my way, but wouldn't avoid it either.","Visited Harbor House Café last weekend. Average sandwiches, nothing to write home about. The staff were polite but a bit slow. Wouldn't go out of my way, but wouldn't avoid it either.",False
480,3,"Visited Harbor House Café last weekend. Average sandwiches, nothing to write home about. The staff seemed annoyed to be there. Might give it another shot.","Visited Harbor House Café last weekend. Average sandwiches, nothing to write home about. The staff seemed annoyed to be there. Might give it another shot.",False
481,5,Came to Harbor House Café for a birthday brunch. The coffee was rich and perfectly brewed. Loved the natural light and the plants everywhere. Highly recommend to anyone in the area.,Came to Harbor House Café for a birthday brunch. The coffee was rich and perfectly brewed. Loved the natural light and the plants everywhere. Highly recommend to anyone in the area.,False
482,5,Grabbed a quick coffee at Harbor House Café this morning. Great spot to work or catch up with friends. The food was absolutely delicious. Great value for what you get. Highly recommend to anyone in the area.,Grabbed a quick coffee at Harbor House Café this morning. Great spot to work or catch up with friends. The food was absolutely delicious. Great value for what you get. Highly recommend to anyone in the area.,False
483,5,"Grabbed a quick coffee at Harbor House Café this morning. Fresh ingredients you can really taste. The place has such a cozy, welcoming vibe. Highly recommend to anyone in the area.","Grabbed a quick coffee at Harbor House Café this morning. Fresh ingredients you can really taste. The place has such a cozy, welcoming vibe. Highly recommend to anyone in the area.",False
484,5,Grabbed a quick coffee at Harbor House Café this morning. The music and decor set the perfect mood. Our server remembered our names by the second visit. Already planning my next visit.,Grabbed a quick coffee at Harbor House Café this morning. The music and decor set the perfect mood. Our server remembered our names by the second visit. Already planning my next visit.,True
485,5,Came to Harbor House Café for a birthday brunch. The seasonal menu never disappoints. The team clearly cares about the customers. Worth every penny. This is now my go-to spot.,Came to Harbor House Café for a birthday brunch. The seasonal menu never disappoints. The team clearly cares about the customers. Worth every penny. This is now my go-to spot.,False
486,5,Tried Harbor House Café after seeing it recommended online. The seasonal menu never disappoints. Service was fast and friendly. Great value for what you get. Will definitely be back!,Tried Harbor House Café after seeing it recommended online. The seasonal menu never disappoints. Service was fast and friendly. Great value for what you get. Will definitely be back!,False
487,5,Tried Harbor House Café after seeing it recommended online. Our server remembered our names by the second visit. The seasonal menu never disappoints. Great value for what you get. This is now my go-to spot.,Tried Harbor House Café after seeing it recommended online. Our server remembered our names by the second visit. The seasonal menu never disappoints. Great value for what you get. This is now my go-to spot.,False
488,5,Tried Harbor House Café after seeing it recommended online. The music and decor set the perfect mood. The pastries were incredible. Great value for what you get. Will definitely be back!,Tried Harbor House Café after seeing it recommended online. The music and decor set the perfect mood. The pastries were incredible. Great value for what you get. Will definitely be back!,False
489,5,Tried Harbor House Café after seeing it recommended online. Every dish was bursting with flavor. The team clearly cares about the customers. Worth every penny. Already planning my next visit.,Tried Harbor House Café after seeing it recommended online. Every dish was bursting with flavor. The team clearly cares about the customers. Worth every penny. Already planning my next visit.,False
490,5,The music and decor set the perfect mood. The coffee was rich and perfectly brewed. Already planning my next visit.,The music and decor set the perfect mood. The coffee was rich and perfectly brewed. Already planning my next visit.,False
491,2,Visited Harbor House Café last weekend. My eggs came out cold. Our server got our order wrong twice. Expected a lot more given the reviews.,Visited Harbor House Café last weekend. My eggs came out cold. Our server got our order wrong twice. Expected a lot more given the reviews.,False
492,5,Stopped by Harbor House Café for the first time. Fresh ingredients you can really taste. Our server remembered our names by the second visit. Five stars without hesitation.,Stopped by Harbor House Café for the first time. Fresh ingredients you can really taste. Our server remembered our names by the second visit. Five stars without hesitation.,False
493,3,"Grabbed a quick coffee at Harbor House Café this morning. Average sandwiches, nothing to write home about. Service was fine, nothing memorable. Wouldn't go out of my way, but wouldn't avoid it either.","Grabbed a quick coffee at Harbor House Café this morning. Average sandwiches, nothing to write home about. Service was fine, nothing memorable. Wouldn't go out of my way, but wouldn't avoid it either.",False
494,5,Visited Harbor House Café last weekend. The food was absolutely delicious. Loved the natural light and the plants everywhere. Worth every penny. Already planning my next visit.,Visited Harbor House Café last weekend. The food was absolutely delicious. Loved the natural light and the plants everywhere. Worth every penny. Already planning my next visit.,False
495,5,Visited Harbor House Café last weekend. Service was fast and friendly. Loved the natural light and the plants everywhere. Great value for what you get. This is now my go-to spot.,Visited Harbor House Café last weekend. Service was fast and friendly. Loved the natural light and the plants everywhere. Great value for what you get. This is now my go-to spot.,False
496,5,"Tried Harbor House Café after seeing it recommended online. The coffee was rich and perfectly brewed. The staff seemed annoyed to be there, but honestly the food made up for it. Already planning my next visit.","Tried Harbor House Café after seeing it recommended online. The coffee was rich and perfectly brewed. The staff seemed annoyed to be there, but honestly the food made up for it. Already planning my next visit.",False
497,5,"Visited Harbor House Café last weekend. Service was fast and friendly. The place has such a cozy, welcoming vibe. Worth every penny. Will definitely be back!","Visited Harbor House Café last weekend. Service was fast and friendly. The place has such a cozy, welcoming vibe. Worth every penny. Will definitely be back!",False
498,3,Regular customer at Harbor House Café here. The coffee was okay. The staff were polite but a bit slow. Might give it another shot.,Regular customer at Harbor House Café here. The coffee was okay. The staff were polite but a bit slow. Might give it another shot.,False
499,5,"Best brunch i've had in months. The place has such a cozy, welcoming vibe. Will definitely be back!","Best brunch i've had in months. The place has such a cozy, welcoming vibe. Will definitely be back!",False
500,5,"Grabbed a quick coffee at Harbor House Café this morning. Our server remembered our names by the second visit. The place has such a cozy, welcoming vibe. This is now my go-to spot.","Grabbed a quick coffee at Harbor House Café this morning. Our server remembered our names by the second visit. The place has such a cozy, welcoming vibe. This is now my go-to spot.",False
